ISO-10303-21;
HEADER;
FILE_DESCRIPTION(('KiCad electronic assembly'),'2;1');
FILE_NAME('yo.step','2026-08-16T20:36:52',('Pcbnew'),('Kicad'),
  'Open CASCADE STEP processor 7.9','KiCad to STEP converter','Unknown'
  );
FILE_SCHEMA(('AUTOMOTIVE_DESIGN { 1 0 10303 214 1 1 1 1 }'));
ENDSEC;
DATA;
#1 = APPLICATION_PROTOCOL_DEFINITION('international standard',
  'automotive_design',2000,#2);
#2 = APPLICATION_CONTEXT(
  'core data for automotive mechanical design processes');
#3 = SHAPE_DEFINITION_REPRESENTATION(#4,#10);
#4 = PRODUCT_DEFINITION_SHAPE('','',#5);
#5 = PRODUCT_DEFINITION('design','',#6,#9);
#6 = PRODUCT_DEFINITION_FORMATION('','',#7);
#7 = PRODUCT('yo 1','yo 1','',(#8));
#8 = PRODUCT_CONTEXT('',#2,'mechanical');
#9 = PRODUCT_DEFINITION_CONTEXT('part definition',#2,'design');
#10 = SHAPE_REPRESENTATION('',(#11,#15,#19,#23,#27,#31,#35,#39),#43);
#11 = AXIS2_PLACEMENT_3D('',#12,#13,#14);
#12 = CARTESIAN_POINT('',(0.,0.,0.));
#13 = DIRECTION('',(0.,0.,1.));
#14 = DIRECTION('',(1.,0.,-0.));
#15 = AXIS2_PLACEMENT_3D('',#16,#17,#18);
#16 = CARTESIAN_POINT('',(122.5,-121.69,1.595));
#17 = DIRECTION('',(-0.,0.,1.));
#18 = DIRECTION('',(1.110223024625E-16,-1.,0.));
#19 = AXIS2_PLACEMENT_3D('',#20,#21,#22);
#20 = CARTESIAN_POINT('',(126.,-121.69,1.595));
#21 = DIRECTION('',(-0.,0.,1.));
#22 = DIRECTION('',(1.110223024625E-16,-1.,0.));
#23 = AXIS2_PLACEMENT_3D('',#24,#25,#26);
#24 = CARTESIAN_POINT('',(119.,-121.69,1.595));
#25 = DIRECTION('',(-0.,0.,1.));
#26 = DIRECTION('',(1.110223024625E-16,-1.,0.));
#27 = AXIS2_PLACEMENT_3D('',#28,#29,#30);
#28 = CARTESIAN_POINT('',(130.,-121.69,1.595));
#29 = DIRECTION('',(-0.,0.,1.));
#30 = DIRECTION('',(1.110223024625E-16,-1.,0.));
#31 = AXIS2_PLACEMENT_3D('',#32,#33,#34);
#32 = CARTESIAN_POINT('',(118.23,-107.395,1.595));
#33 = DIRECTION('',(0.,0.,1.));
#34 = DIRECTION('',(1.,0.,0.));
#35 = AXIS2_PLACEMENT_3D('',#36,#37,#38);
#36 = CARTESIAN_POINT('',(128.5,-112.,1.595));
#37 = DIRECTION('',(0.,-0.,1.));
#38 = DIRECTION('',(1.110223024625E-16,1.,0.));
#39 = AXIS2_PLACEMENT_3D('',#40,#41,#42);
#40 = CARTESIAN_POINT('',(0.,0.,0.));
#41 = DIRECTION('',(0.,0.,1.));
#42 = DIRECTION('',(1.,0.,-0.));
#43 = ( GEOMETRIC_REPRESENTATION_CONTEXT(3) 
GLOBAL_UNCERTAINTY_ASSIGNED_CONTEXT((#47)) GLOBAL_UNIT_ASSIGNED_CONTEXT(
(#44,#45,#46)) REPRESENTATION_CONTEXT('Context #1',
  '3D Context with UNIT and UNCERTAINTY') );
#44 = ( LENGTH_UNIT() NAMED_UNIT(*) SI_UNIT(.MILLI.,.METRE.) );
#45 = ( NAMED_UNIT(*) PLANE_ANGLE_UNIT() SI_UNIT($,.RADIAN.) );
#46 = ( NAMED_UNIT(*) SI_UNIT($,.STERADIAN.) SOLID_ANGLE_UNIT() );
#47 = UNCERTAINTY_MEASURE_WITH_UNIT(LENGTH_MEASURE(1.E-07),#44,
  'distance_accuracy_value','confusion accuracy');
#48 = PRODUCT_RELATED_PRODUCT_CATEGORY('part',$,(#7));
#49 = SHAPE_DEFINITION_REPRESENTATION(#50,#56);
#50 = PRODUCT_DEFINITION_SHAPE('','',#51);
#51 = PRODUCT_DEFINITION('design','',#52,#55);
#52 = PRODUCT_DEFINITION_FORMATION('','',#53);
#53 = PRODUCT('D_DO-35_SOD27_P7.62mm_Horizontal',
  'D_DO-35_SOD27_P7.62mm_Horizontal','',(#54));
#54 = PRODUCT_CONTEXT('',#2,'mechanical');
#55 = PRODUCT_DEFINITION_CONTEXT('part definition',#2,'design');
#56 = SHAPE_REPRESENTATION('',(#11,#57),#61);
#57 = AXIS2_PLACEMENT_3D('',#58,#59,#60);
#58 = CARTESIAN_POINT('',(0.,0.,0.));
#59 = DIRECTION('',(0.,0.,1.));
#60 = DIRECTION('',(1.,0.,-0.));
#61 = ( GEOMETRIC_REPRESENTATION_CONTEXT(3) 
GLOBAL_UNCERTAINTY_ASSIGNED_CONTEXT((#65)) GLOBAL_UNIT_ASSIGNED_CONTEXT(
(#62,#63,#64)) REPRESENTATION_CONTEXT('Context #1',
  '3D Context with UNIT and UNCERTAINTY') );
#62 = ( LENGTH_UNIT() NAMED_UNIT(*) SI_UNIT(.MILLI.,.METRE.) );
#63 = ( NAMED_UNIT(*) PLANE_ANGLE_UNIT() SI_UNIT($,.RADIAN.) );
#64 = ( NAMED_UNIT(*) SI_UNIT($,.STERADIAN.) SOLID_ANGLE_UNIT() );
#65 = UNCERTAINTY_MEASURE_WITH_UNIT(LENGTH_MEASURE(1.E-07),#62,
  'distance_accuracy_value','confusion accuracy');
#66 = CONTEXT_DEPENDENT_SHAPE_REPRESENTATION(#67,#69);
#67 = ( REPRESENTATION_RELATIONSHIP('','',#56,#10) 
REPRESENTATION_RELATIONSHIP_WITH_TRANSFORMATION(#68) 
SHAPE_REPRESENTATION_RELATIONSHIP() );
#68 = ITEM_DEFINED_TRANSFORMATION('','',#11,#15);
#69 = PRODUCT_DEFINITION_SHAPE('Placement','Placement of an item',#70);
#70 = NEXT_ASSEMBLY_USAGE_OCCURRENCE('2','D1','',#5,#51,$);
#71 = PRODUCT_RELATED_PRODUCT_CATEGORY('part',$,(#53));
#72 = SHAPE_DEFINITION_REPRESENTATION(#73,#79);
#73 = PRODUCT_DEFINITION_SHAPE('','',#74);
#74 = PRODUCT_DEFINITION('design','',#75,#78);
#75 = PRODUCT_DEFINITION_FORMATION('','',#76);
#76 = PRODUCT('D_DO-35_SOD27_P7.62mm_Horizontal',
  'D_DO-35_SOD27_P7.62mm_Horizontal','',(#77));
#77 = PRODUCT_CONTEXT('',#2,'mechanical');
#78 = PRODUCT_DEFINITION_CONTEXT('part definition',#2,'design');
#79 = SHAPE_REPRESENTATION('',(#11,#80,#235),#430);
#80 = MANIFOLD_SOLID_BREP('',#81);
#81 = CLOSED_SHELL('',(#82,#115,#141,#166,#192,#217,#226));
#82 = ADVANCED_FACE('',(#83),#110,.T.);
#83 = FACE_BOUND('',#84,.T.);
#84 = EDGE_LOOP('',(#85,#95,#102,#103));
#85 = ORIENTED_EDGE('',*,*,#86,.T.);
#86 = EDGE_CURVE('',#87,#89,#91,.T.);
#87 = VERTEX_POINT('',#88);
#88 = CARTESIAN_POINT('',(0.25,0.,-2.5));
#89 = VERTEX_POINT('',#90);
#90 = CARTESIAN_POINT('',(0.25,1.E-15,1.));
#91 = LINE('',#92,#93);
#92 = CARTESIAN_POINT('',(0.25,6.7E-16,1.));
#93 = VECTOR('',#94,1.);
#94 = DIRECTION('',(0.,2.2E-16,1.));
#95 = ORIENTED_EDGE('',*,*,#96,.F.);
#96 = EDGE_CURVE('',#89,#89,#97,.T.);
#97 = CIRCLE('',#98,0.25);
#98 = AXIS2_PLACEMENT_3D('',#99,#100,#101);
#99 = CARTESIAN_POINT('',(0.,6.7E-16,1.));
#100 = DIRECTION('',(-0.,2.2E-16,1.));
#101 = DIRECTION('',(1.,0.,0.));
#102 = ORIENTED_EDGE('',*,*,#86,.F.);
#103 = ORIENTED_EDGE('',*,*,#104,.T.);
#104 = EDGE_CURVE('',#87,#87,#105,.T.);
#105 = CIRCLE('',#106,0.25);
#106 = AXIS2_PLACEMENT_3D('',#107,#108,#109);
#107 = CARTESIAN_POINT('',(0.,-1.1E-16,-2.5));
#108 = DIRECTION('',(-0.,2.2E-16,1.));
#109 = DIRECTION('',(1.,0.,0.));
#110 = CYLINDRICAL_SURFACE('',#111,0.25);
#111 = AXIS2_PLACEMENT_3D('',#112,#113,#114);
#112 = CARTESIAN_POINT('',(0.,6.7E-16,1.));
#113 = DIRECTION('',(0.,2.2E-16,1.));
#114 = DIRECTION('',(1.,0.,-0.));
#115 = ADVANCED_FACE('',(#116),#136,.T.);
#116 = FACE_BOUND('',#117,.T.);
#117 = EDGE_LOOP('',(#118,#127,#134,#135));
#118 = ORIENTED_EDGE('',*,*,#119,.T.);
#119 = EDGE_CURVE('',#89,#120,#122,.T.);
#120 = VERTEX_POINT('',#121);
#121 = CARTESIAN_POINT('',(0.5,1.E-15,1.25));
#122 = CIRCLE('',#123,0.25);
#123 = AXIS2_PLACEMENT_3D('',#124,#125,#126);
#124 = CARTESIAN_POINT('',(0.5,7.6E-16,1.));
#125 = DIRECTION('',(0.,1.,-2.2E-16));
#126 = DIRECTION('',(1.,0.,0.));
#127 = ORIENTED_EDGE('',*,*,#128,.T.);
#128 = EDGE_CURVE('',#120,#120,#129,.T.);
#129 = CIRCLE('',#130,0.25);
#130 = AXIS2_PLACEMENT_3D('',#131,#132,#133);
#131 = CARTESIAN_POINT('',(0.5,7.8E-16,1.5));
#132 = DIRECTION('',(-1.,0.,-1.8E-16));
#133 = DIRECTION('',(-1.8E-16,2.2E-16,1.));
#134 = ORIENTED_EDGE('',*,*,#119,.F.);
#135 = ORIENTED_EDGE('',*,*,#96,.T.);
#136 = TOROIDAL_SURFACE('',#137,0.5,0.25);
#137 = AXIS2_PLACEMENT_3D('',#138,#139,#140);
#138 = CARTESIAN_POINT('',(0.5,6.7E-16,1.));
#139 = DIRECTION('',(0.,1.,-2.2E-16));
#140 = DIRECTION('',(1.,0.,0.));
#141 = ADVANCED_FACE('',(#142),#161,.T.);
#142 = FACE_BOUND('',#143,.T.);
#143 = EDGE_LOOP('',(#144,#152,#159,#160));
#144 = ORIENTED_EDGE('',*,*,#145,.T.);
#145 = EDGE_CURVE('',#120,#146,#148,.T.);
#146 = VERTEX_POINT('',#147);
#147 = CARTESIAN_POINT('',(7.12,1.E-15,1.25));
#148 = LINE('',#149,#150);
#149 = CARTESIAN_POINT('',(0.5,7.2E-16,1.25));
#150 = VECTOR('',#151,1.);
#151 = DIRECTION('',(1.,0.,0.));
#152 = ORIENTED_EDGE('',*,*,#153,.F.);
#153 = EDGE_CURVE('',#146,#146,#154,.T.);
#154 = CIRCLE('',#155,0.25);
#155 = AXIS2_PLACEMENT_3D('',#156,#157,#158);
#156 = CARTESIAN_POINT('',(7.12,7.8E-16,1.5));
#157 = DIRECTION('',(1.,0.,0.));
#158 = DIRECTION('',(0.,-2.2E-16,-1.));
#159 = ORIENTED_EDGE('',*,*,#145,.F.);
#160 = ORIENTED_EDGE('',*,*,#128,.F.);
#161 = CYLINDRICAL_SURFACE('',#162,0.25);
#162 = AXIS2_PLACEMENT_3D('',#163,#164,#165);
#163 = CARTESIAN_POINT('',(0.5,7.8E-16,1.5));
#164 = DIRECTION('',(1.,0.,0.));
#165 = DIRECTION('',(0.,-2.2E-16,-1.));
#166 = ADVANCED_FACE('',(#167),#187,.T.);
#167 = FACE_BOUND('',#168,.T.);
#168 = EDGE_LOOP('',(#169,#178,#185,#186));
#169 = ORIENTED_EDGE('',*,*,#170,.T.);
#170 = EDGE_CURVE('',#146,#171,#173,.T.);
#171 = VERTEX_POINT('',#172);
#172 = CARTESIAN_POINT('',(7.37,1.E-15,1.));
#173 = CIRCLE('',#174,0.25);
#174 = AXIS2_PLACEMENT_3D('',#175,#176,#177);
#175 = CARTESIAN_POINT('',(7.12,7.6E-16,1.));
#176 = DIRECTION('',(0.,1.,-2.2E-16));
#177 = DIRECTION('',(1.,0.,0.));
#178 = ORIENTED_EDGE('',*,*,#179,.T.);
#179 = EDGE_CURVE('',#171,#171,#180,.T.);
#180 = CIRCLE('',#181,0.25);
#181 = AXIS2_PLACEMENT_3D('',#182,#183,#184);
#182 = CARTESIAN_POINT('',(7.62,6.7E-16,1.));
#183 = DIRECTION('',(-2.4E-16,2.2E-16,1.));
#184 = DIRECTION('',(1.,0.,2.4E-16));
#185 = ORIENTED_EDGE('',*,*,#170,.F.);
#186 = ORIENTED_EDGE('',*,*,#153,.T.);
#187 = TOROIDAL_SURFACE('',#188,0.5,0.25);
#188 = AXIS2_PLACEMENT_3D('',#189,#190,#191);
#189 = CARTESIAN_POINT('',(7.12,6.7E-16,1.));
#190 = DIRECTION('',(0.,1.,-2.2E-16));
#191 = DIRECTION('',(1.,0.,0.));
#192 = ADVANCED_FACE('',(#193),#212,.T.);
#193 = FACE_BOUND('',#194,.T.);
#194 = EDGE_LOOP('',(#195,#203,#210,#211));
#195 = ORIENTED_EDGE('',*,*,#196,.T.);
#196 = EDGE_CURVE('',#171,#197,#199,.T.);
#197 = VERTEX_POINT('',#198);
#198 = CARTESIAN_POINT('',(7.37,0.,-2.5));
#199 = LINE('',#200,#201);
#200 = CARTESIAN_POINT('',(7.37,6.7E-16,1.));
#201 = VECTOR('',#202,1.);
#202 = DIRECTION('',(0.,-2.2E-16,-1.));
#203 = ORIENTED_EDGE('',*,*,#204,.F.);
#204 = EDGE_CURVE('',#197,#197,#205,.T.);
#205 = CIRCLE('',#206,0.25);
#206 = AXIS2_PLACEMENT_3D('',#207,#208,#209);
#207 = CARTESIAN_POINT('',(7.62,-1.1E-16,-2.5));
#208 = DIRECTION('',(-0.,-2.2E-16,-1.));
#209 = DIRECTION('',(-1.,0.,0.));
#210 = ORIENTED_EDGE('',*,*,#196,.F.);
#211 = ORIENTED_EDGE('',*,*,#179,.F.);
#212 = CYLINDRICAL_SURFACE('',#213,0.25);
#213 = AXIS2_PLACEMENT_3D('',#214,#215,#216);
#214 = CARTESIAN_POINT('',(7.62,6.7E-16,1.));
#215 = DIRECTION('',(0.,-2.2E-16,-1.));
#216 = DIRECTION('',(-1.,-0.,0.));
#217 = ADVANCED_FACE('',(#218),#221,.T.);
#218 = FACE_BOUND('',#219,.F.);
#219 = EDGE_LOOP('',(#220));
#220 = ORIENTED_EDGE('',*,*,#104,.T.);
#221 = PLANE('',#222);
#222 = AXIS2_PLACEMENT_3D('',#223,#224,#225);
#223 = CARTESIAN_POINT('',(0.25,-1.1E-16,-2.5));
#224 = DIRECTION('',(0.,0.,-1.));
#225 = DIRECTION('',(-1.,0.,0.));
#226 = ADVANCED_FACE('',(#227),#230,.F.);
#227 = FACE_BOUND('',#228,.T.);
#228 = EDGE_LOOP('',(#229));
#229 = ORIENTED_EDGE('',*,*,#204,.T.);
#230 = PLANE('',#231);
#231 = AXIS2_PLACEMENT_3D('',#232,#233,#234);
#232 = CARTESIAN_POINT('',(7.37,-1.1E-16,-2.5));
#233 = DIRECTION('',(0.,0.,1.));
#234 = DIRECTION('',(1.,0.,-0.));
#235 = MANIFOLD_SOLID_BREP('',#236);
#236 = CLOSED_SHELL('',(#237,#270,#290,#310,#335,#360,#386,#412,#421));
#237 = ADVANCED_FACE('',(#238),#265,.T.);
#238 = FACE_BOUND('',#239,.T.);
#239 = EDGE_LOOP('',(#240,#249,#257,#264));
#240 = ORIENTED_EDGE('',*,*,#241,.T.);
#241 = EDGE_CURVE('',#242,#242,#244,.T.);
#242 = VERTEX_POINT('',#243);
#243 = CARTESIAN_POINT('',(2.41,3.557331958362E-15,2.51));
#244 = CIRCLE('',#245,1.01);
#245 = AXIS2_PLACEMENT_3D('',#246,#247,#248);
#246 = CARTESIAN_POINT('',(2.41,6.630669073875E-16,1.5));
#247 = DIRECTION('',(1.,0.,-0.));
#248 = DIRECTION('',(0.,9.92044604925E-16,1.));
#249 = ORIENTED_EDGE('',*,*,#250,.T.);
#250 = EDGE_CURVE('',#242,#251,#253,.T.);
#251 = VERTEX_POINT('',#252);
#252 = CARTESIAN_POINT('',(3.41,3.557331958362E-15,2.51));
#253 = LINE('',#254,#255);
#254 = CARTESIAN_POINT('',(2.41,5.573319583618E-16,2.51));
#255 = VECTOR('',#256,1.);
#256 = DIRECTION('',(1.,0.,0.));
#257 = ORIENTED_EDGE('',*,*,#258,.F.);
#258 = EDGE_CURVE('',#251,#251,#259,.T.);
#259 = CIRCLE('',#260,1.01);
#260 = AXIS2_PLACEMENT_3D('',#261,#262,#263);
#261 = CARTESIAN_POINT('',(3.41,6.630669073875E-16,1.5));
#262 = DIRECTION('',(1.,0.,-0.));
#263 = DIRECTION('',(0.,9.92044604925E-16,1.));
#264 = ORIENTED_EDGE('',*,*,#250,.F.);
#265 = CYLINDRICAL_SURFACE('',#266,1.01);
#266 = AXIS2_PLACEMENT_3D('',#267,#268,#269);
#267 = CARTESIAN_POINT('',(2.41,6.630669073875E-16,1.5));
#268 = DIRECTION('',(1.,0.,0.));
#269 = DIRECTION('',(-0.,9.92044604925E-16,1.));
#270 = ADVANCED_FACE('',(#271,#274),#285,.F.);
#271 = FACE_BOUND('',#272,.T.);
#272 = EDGE_LOOP('',(#273));
#273 = ORIENTED_EDGE('',*,*,#241,.F.);
#274 = FACE_BOUND('',#275,.T.);
#275 = EDGE_LOOP('',(#276));
#276 = ORIENTED_EDGE('',*,*,#277,.T.);
#277 = EDGE_CURVE('',#278,#278,#280,.T.);
#278 = VERTEX_POINT('',#279);
#279 = CARTESIAN_POINT('',(2.41,5.551115123126E-16,2.5));
#280 = CIRCLE('',#281,1.);
#281 = AXIS2_PLACEMENT_3D('',#282,#283,#284);
#282 = CARTESIAN_POINT('',(2.41,6.630669073875E-16,1.5));
#283 = DIRECTION('',(1.,0.,-0.));
#284 = DIRECTION('',(0.,1.002044604925E-15,1.));
#285 = PLANE('',#286);
#286 = AXIS2_PLACEMENT_3D('',#287,#288,#289);
#287 = CARTESIAN_POINT('',(2.41,6.630669073875E-16,1.5));
#288 = DIRECTION('',(1.,0.,0.));
#289 = DIRECTION('',(-0.,1.002044604925E-15,1.));
#290 = ADVANCED_FACE('',(#291,#294),#305,.T.);
#291 = FACE_BOUND('',#292,.T.);
#292 = EDGE_LOOP('',(#293));
#293 = ORIENTED_EDGE('',*,*,#258,.T.);
#294 = FACE_BOUND('',#295,.T.);
#295 = EDGE_LOOP('',(#296));
#296 = ORIENTED_EDGE('',*,*,#297,.F.);
#297 = EDGE_CURVE('',#298,#298,#300,.T.);
#298 = VERTEX_POINT('',#299);
#299 = CARTESIAN_POINT('',(3.41,5.551115123126E-16,2.5));
#300 = CIRCLE('',#301,1.);
#301 = AXIS2_PLACEMENT_3D('',#302,#303,#304);
#302 = CARTESIAN_POINT('',(3.41,6.630669073875E-16,1.5));
#303 = DIRECTION('',(1.,0.,-0.));
#304 = DIRECTION('',(0.,1.002044604925E-15,1.));
#305 = PLANE('',#306);
#306 = AXIS2_PLACEMENT_3D('',#307,#308,#309);
#307 = CARTESIAN_POINT('',(3.41,6.630669073875E-16,1.5));
#308 = DIRECTION('',(1.,0.,0.));
#309 = DIRECTION('',(-0.,9.92044604925E-16,1.));
#310 = ADVANCED_FACE('',(#311),#330,.T.);
#311 = FACE_BOUND('',#312,.T.);
#312 = EDGE_LOOP('',(#313,#322,#328,#329));
#313 = ORIENTED_EDGE('',*,*,#314,.T.);
#314 = EDGE_CURVE('',#315,#315,#317,.T.);
#315 = VERTEX_POINT('',#316);
#316 = CARTESIAN_POINT('',(2.21,3.555111512313E-15,2.5));
#317 = CIRCLE('',#318,1.);
#318 = AXIS2_PLACEMENT_3D('',#319,#320,#321);
#319 = CARTESIAN_POINT('',(2.21,6.630669073875E-16,1.5));
#320 = DIRECTION('',(1.,0.,-0.));
#321 = DIRECTION('',(0.,1.002044604925E-15,1.));
#322 = ORIENTED_EDGE('',*,*,#323,.T.);
#323 = EDGE_CURVE('',#315,#278,#324,.T.);
#324 = LINE('',#325,#326);
#325 = CARTESIAN_POINT('',(1.81,5.551115123126E-16,2.5));
#326 = VECTOR('',#327,1.);
#327 = DIRECTION('',(1.,0.,0.));
#328 = ORIENTED_EDGE('',*,*,#277,.F.);
#329 = ORIENTED_EDGE('',*,*,#323,.F.);
#330 = CYLINDRICAL_SURFACE('',#331,1.);
#331 = AXIS2_PLACEMENT_3D('',#332,#333,#334);
#332 = CARTESIAN_POINT('',(1.81,6.630669073875E-16,1.5));
#333 = DIRECTION('',(1.,0.,0.));
#334 = DIRECTION('',(-0.,1.002044604925E-15,1.));
#335 = ADVANCED_FACE('',(#336),#355,.T.);
#336 = FACE_BOUND('',#337,.T.);
#337 = EDGE_LOOP('',(#338,#339,#347,#354));
#338 = ORIENTED_EDGE('',*,*,#297,.T.);
#339 = ORIENTED_EDGE('',*,*,#340,.T.);
#340 = EDGE_CURVE('',#298,#341,#343,.T.);
#341 = VERTEX_POINT('',#342);
#342 = CARTESIAN_POINT('',(5.41,3.555111512313E-15,2.5));
#343 = LINE('',#344,#345);
#344 = CARTESIAN_POINT('',(1.81,5.551115123126E-16,2.5));
#345 = VECTOR('',#346,1.);
#346 = DIRECTION('',(1.,0.,0.));
#347 = ORIENTED_EDGE('',*,*,#348,.F.);
#348 = EDGE_CURVE('',#341,#341,#349,.T.);
#349 = CIRCLE('',#350,1.);
#350 = AXIS2_PLACEMENT_3D('',#351,#352,#353);
#351 = CARTESIAN_POINT('',(5.41,6.630669073875E-16,1.5));
#352 = DIRECTION('',(1.,0.,-0.));
#353 = DIRECTION('',(0.,1.002044604925E-15,1.));
#354 = ORIENTED_EDGE('',*,*,#340,.F.);
#355 = CYLINDRICAL_SURFACE('',#356,1.);
#356 = AXIS2_PLACEMENT_3D('',#357,#358,#359);
#357 = CARTESIAN_POINT('',(1.81,6.630669073875E-16,1.5));
#358 = DIRECTION('',(1.,0.,0.));
#359 = DIRECTION('',(-0.,1.002044604925E-15,1.));
#360 = ADVANCED_FACE('',(#361),#381,.T.);
#361 = FACE_BOUND('',#362,.T.);
#362 = EDGE_LOOP('',(#363,#372,#379,#380));
#363 = ORIENTED_EDGE('',*,*,#364,.T.);
#364 = EDGE_CURVE('',#365,#365,#367,.T.);
#365 = VERTEX_POINT('',#366);
#366 = CARTESIAN_POINT('',(1.81,1.466293670343E-15,2.1));
#367 = CIRCLE('',#368,0.6);
#368 = AXIS2_PLACEMENT_3D('',#369,#370,#371);
#369 = CARTESIAN_POINT('',(1.81,6.630669073875E-16,1.5));
#370 = DIRECTION('',(1.,0.,-0.));
#371 = DIRECTION('',(0.,1.002044604925E-15,1.));
#372 = ORIENTED_EDGE('',*,*,#373,.F.);
#373 = EDGE_CURVE('',#315,#365,#374,.T.);
#374 = CIRCLE('',#375,0.4);
#375 = AXIS2_PLACEMENT_3D('',#376,#377,#378);
#376 = CARTESIAN_POINT('',(2.21,1.266293670343E-15,2.1));
#377 = DIRECTION('',(0.,-1.,1.002044604925E-15));
#378 = DIRECTION('',(0.,1.002044604925E-15,1.));
#379 = ORIENTED_EDGE('',*,*,#314,.F.);
#380 = ORIENTED_EDGE('',*,*,#373,.T.);
#381 = TOROIDAL_SURFACE('',#382,0.6,0.4);
#382 = AXIS2_PLACEMENT_3D('',#383,#384,#385);
#383 = CARTESIAN_POINT('',(2.21,6.630669073875E-16,1.5));
#384 = DIRECTION('',(-1.,0.,0.));
#385 = DIRECTION('',(0.,1.002044604925E-15,1.));
#386 = ADVANCED_FACE('',(#387),#407,.T.);
#387 = FACE_BOUND('',#388,.T.);
#388 = EDGE_LOOP('',(#389,#390,#399,#406));
#389 = ORIENTED_EDGE('',*,*,#348,.T.);
#390 = ORIENTED_EDGE('',*,*,#391,.F.);
#391 = EDGE_CURVE('',#392,#341,#394,.T.);
#392 = VERTEX_POINT('',#393);
#393 = CARTESIAN_POINT('',(5.81,1.466293670343E-15,2.1));
#394 = CIRCLE('',#395,0.4);
#395 = AXIS2_PLACEMENT_3D('',#396,#397,#398);
#396 = CARTESIAN_POINT('',(5.41,1.266293670343E-15,2.1));
#397 = DIRECTION('',(0.,-1.,1.002044604925E-15));
#398 = DIRECTION('',(0.,1.002044604925E-15,1.));
#399 = ORIENTED_EDGE('',*,*,#400,.F.);
#400 = EDGE_CURVE('',#392,#392,#401,.T.);
#401 = CIRCLE('',#402,0.6);
#402 = AXIS2_PLACEMENT_3D('',#403,#404,#405);
#403 = CARTESIAN_POINT('',(5.81,6.630669073875E-16,1.5));
#404 = DIRECTION('',(1.,0.,-0.));
#405 = DIRECTION('',(0.,1.002044604925E-15,1.));
#406 = ORIENTED_EDGE('',*,*,#391,.T.);
#407 = TOROIDAL_SURFACE('',#408,0.6,0.4);
#408 = AXIS2_PLACEMENT_3D('',#409,#410,#411);
#409 = CARTESIAN_POINT('',(5.41,6.630669073875E-16,1.5));
#410 = DIRECTION('',(-1.,0.,0.));
#411 = DIRECTION('',(0.,1.002044604925E-15,1.));
#412 = ADVANCED_FACE('',(#413),#416,.F.);
#413 = FACE_BOUND('',#414,.T.);
#414 = EDGE_LOOP('',(#415));
#415 = ORIENTED_EDGE('',*,*,#364,.F.);
#416 = PLANE('',#417);
#417 = AXIS2_PLACEMENT_3D('',#418,#419,#420);
#418 = CARTESIAN_POINT('',(1.81,6.630669073875E-16,1.5));
#419 = DIRECTION('',(1.,0.,0.));
#420 = DIRECTION('',(-0.,1.002044604925E-15,1.));
#421 = ADVANCED_FACE('',(#422),#425,.T.);
#422 = FACE_BOUND('',#423,.F.);
#423 = EDGE_LOOP('',(#424));
#424 = ORIENTED_EDGE('',*,*,#400,.F.);
#425 = PLANE('',#426);
#426 = AXIS2_PLACEMENT_3D('',#427,#428,#429);
#427 = CARTESIAN_POINT('',(5.81,6.630669073875E-16,1.5));
#428 = DIRECTION('',(1.,0.,0.));
#429 = DIRECTION('',(-0.,1.002044604925E-15,1.));
#430 = ( GEOMETRIC_REPRESENTATION_CONTEXT(3) 
GLOBAL_UNCERTAINTY_ASSIGNED_CONTEXT((#434)) GLOBAL_UNIT_ASSIGNED_CONTEXT
((#431,#432,#433)) REPRESENTATION_CONTEXT('Context #1',
  '3D Context with UNIT and UNCERTAINTY') );
#431 = ( LENGTH_UNIT() NAMED_UNIT(*) SI_UNIT(.MILLI.,.METRE.) );
#432 = ( NAMED_UNIT(*) PLANE_ANGLE_UNIT() SI_UNIT($,.RADIAN.) );
#433 = ( NAMED_UNIT(*) SI_UNIT($,.STERADIAN.) SOLID_ANGLE_UNIT() );
#434 = UNCERTAINTY_MEASURE_WITH_UNIT(LENGTH_MEASURE(1.E-07),#431,
  'distance_accuracy_value','confusion accuracy');
#435 = CONTEXT_DEPENDENT_SHAPE_REPRESENTATION(#436,#438);
#436 = ( REPRESENTATION_RELATIONSHIP('','',#79,#56) 
REPRESENTATION_RELATIONSHIP_WITH_TRANSFORMATION(#437) 
SHAPE_REPRESENTATION_RELATIONSHIP() );
#437 = ITEM_DEFINED_TRANSFORMATION('','',#11,#57);
#438 = PRODUCT_DEFINITION_SHAPE('Placement','Placement of an item',#439
  );
#439 = NEXT_ASSEMBLY_USAGE_OCCURRENCE('1','=>[0:1:1:3]','',#51,#74,$);
#440 = PRODUCT_RELATED_PRODUCT_CATEGORY('part',$,(#76));
#441 = CONTEXT_DEPENDENT_SHAPE_REPRESENTATION(#442,#444);
#442 = ( REPRESENTATION_RELATIONSHIP('','',#56,#10) 
REPRESENTATION_RELATIONSHIP_WITH_TRANSFORMATION(#443) 
SHAPE_REPRESENTATION_RELATIONSHIP() );
#443 = ITEM_DEFINED_TRANSFORMATION('','',#11,#19);
#444 = PRODUCT_DEFINITION_SHAPE('Placement','Placement of an item',#445
  );
#445 = NEXT_ASSEMBLY_USAGE_OCCURRENCE('3','D4','',#5,#51,$);
#446 = CONTEXT_DEPENDENT_SHAPE_REPRESENTATION(#447,#449);
#447 = ( REPRESENTATION_RELATIONSHIP('','',#56,#10) 
REPRESENTATION_RELATIONSHIP_WITH_TRANSFORMATION(#448) 
SHAPE_REPRESENTATION_RELATIONSHIP() );
#448 = ITEM_DEFINED_TRANSFORMATION('','',#11,#23);
#449 = PRODUCT_DEFINITION_SHAPE('Placement','Placement of an item',#450
  );
#450 = NEXT_ASSEMBLY_USAGE_OCCURRENCE('4','D3','',#5,#51,$);
#451 = CONTEXT_DEPENDENT_SHAPE_REPRESENTATION(#452,#454);
#452 = ( REPRESENTATION_RELATIONSHIP('','',#56,#10) 
REPRESENTATION_RELATIONSHIP_WITH_TRANSFORMATION(#453) 
SHAPE_REPRESENTATION_RELATIONSHIP() );
#453 = ITEM_DEFINED_TRANSFORMATION('','',#11,#27);
#454 = PRODUCT_DEFINITION_SHAPE('Placement','Placement of an item',#455
  );
#455 = NEXT_ASSEMBLY_USAGE_OCCURRENCE('5','D2','',#5,#51,$);
#456 = SHAPE_DEFINITION_REPRESENTATION(#457,#463);
#457 = PRODUCT_DEFINITION_SHAPE('','',#458);
#458 = PRODUCT_DEFINITION('design','',#459,#462);
#459 = PRODUCT_DEFINITION_FORMATION('','',#460);
#460 = PRODUCT('LED_D5.0mm','LED_D5.0mm','',(#461));
#461 = PRODUCT_CONTEXT('',#2,'mechanical');
#462 = PRODUCT_DEFINITION_CONTEXT('part definition',#2,'design');
#463 = SHAPE_REPRESENTATION('',(#11,#464),#468);
#464 = AXIS2_PLACEMENT_3D('',#465,#466,#467);
#465 = CARTESIAN_POINT('',(0.,0.,0.));
#466 = DIRECTION('',(0.,0.,1.));
#467 = DIRECTION('',(1.,0.,-0.));
#468 = ( GEOMETRIC_REPRESENTATION_CONTEXT(3) 
GLOBAL_UNCERTAINTY_ASSIGNED_CONTEXT((#472)) GLOBAL_UNIT_ASSIGNED_CONTEXT
((#469,#470,#471)) REPRESENTATION_CONTEXT('Context #1',
  '3D Context with UNIT and UNCERTAINTY') );
#469 = ( LENGTH_UNIT() NAMED_UNIT(*) SI_UNIT(.MILLI.,.METRE.) );
#470 = ( NAMED_UNIT(*) PLANE_ANGLE_UNIT() SI_UNIT($,.RADIAN.) );
#471 = ( NAMED_UNIT(*) SI_UNIT($,.STERADIAN.) SOLID_ANGLE_UNIT() );
#472 = UNCERTAINTY_MEASURE_WITH_UNIT(LENGTH_MEASURE(1.E-07),#469,
  'distance_accuracy_value','confusion accuracy');
#473 = CONTEXT_DEPENDENT_SHAPE_REPRESENTATION(#474,#476);
#474 = ( REPRESENTATION_RELATIONSHIP('','',#463,#10) 
REPRESENTATION_RELATIONSHIP_WITH_TRANSFORMATION(#475) 
SHAPE_REPRESENTATION_RELATIONSHIP() );
#475 = ITEM_DEFINED_TRANSFORMATION('','',#11,#31);
#476 = PRODUCT_DEFINITION_SHAPE('Placement','Placement of an item',#477
  );
#477 = NEXT_ASSEMBLY_USAGE_OCCURRENCE('7','D5','',#5,#458,$);
#478 = PRODUCT_RELATED_PRODUCT_CATEGORY('part',$,(#460));
#479 = SHAPE_DEFINITION_REPRESENTATION(#480,#486);
#480 = PRODUCT_DEFINITION_SHAPE('','',#481);
#481 = PRODUCT_DEFINITION('design','',#482,#485);
#482 = PRODUCT_DEFINITION_FORMATION('','',#483);
#483 = PRODUCT('LED_D5.0mm','LED_D5.0mm','',(#484));
#484 = PRODUCT_CONTEXT('',#2,'mechanical');
#485 = PRODUCT_DEFINITION_CONTEXT('part definition',#2,'design');
#486 = ADVANCED_BREP_SHAPE_REPRESENTATION('',(#11,#487),#912);
#487 = MANIFOLD_SOLID_BREP('',#488);
#488 = CLOSED_SHELL('',(#489,#516,#541,#569,#601,#618,#696,#727,#751,
    #775,#792,#823,#847,#871,#888,#900));
#489 = ADVANCED_FACE('',(#490),#511,.T.);
#490 = FACE_BOUND('',#491,.T.);
#491 = EDGE_LOOP('',(#492,#503,#504));
#492 = ORIENTED_EDGE('',*,*,#493,.T.);
#493 = EDGE_CURVE('',#494,#496,#498,.T.);
#494 = VERTEX_POINT('',#495);
#495 = CARTESIAN_POINT('',(3.72,6.095124405192E-15,9.15));
#496 = VERTEX_POINT('',#497);
#497 = CARTESIAN_POINT('',(1.27,7.727152251391E-15,11.6));
#498 = CIRCLE('',#499,2.45);
#499 = AXIS2_PLACEMENT_3D('',#500,#501,#502);
#500 = CARTESIAN_POINT('',(1.27,6.095124405192E-15,9.15));
#501 = DIRECTION('',(0.,-1.,6.661338147751E-16));
#502 = DIRECTION('',(1.,0.,0.));
#503 = ORIENTED_EDGE('',*,*,#493,.F.);
#504 = ORIENTED_EDGE('',*,*,#505,.F.);
#505 = EDGE_CURVE('',#494,#494,#506,.T.);
#506 = CIRCLE('',#507,2.45);
#507 = AXIS2_PLACEMENT_3D('',#508,#509,#510);
#508 = CARTESIAN_POINT('',(1.27,4.063416270128E-15,9.15));
#509 = DIRECTION('',(-4.379057701015E-47,-4.440892098501E-16,-1.));
#510 = DIRECTION('',(1.,8.292686265567E-16,-3.68269249121E-31));
#511 = SPHERICAL_SURFACE('',#512,2.45);
#512 = AXIS2_PLACEMENT_3D('',#513,#514,#515);
#513 = CARTESIAN_POINT('',(1.27,6.095124405192E-15,9.15));
#514 = DIRECTION('',(0.,4.440892098501E-16,1.));
#515 = DIRECTION('',(1.,1.394807543452E-15,-6.194189798646E-31));
#516 = ADVANCED_FACE('',(#517),#536,.T.);
#517 = FACE_BOUND('',#518,.T.);
#518 = EDGE_LOOP('',(#519,#527,#528,#529));
#519 = ORIENTED_EDGE('',*,*,#520,.F.);
#520 = EDGE_CURVE('',#494,#521,#523,.T.);
#521 = VERTEX_POINT('',#522);
#522 = CARTESIAN_POINT('',(3.72,2.6645352591E-15,4.));
#523 = LINE('',#524,#525);
#524 = CARTESIAN_POINT('',(3.72,6.095124405192E-15,9.15));
#525 = VECTOR('',#526,1.);
#526 = DIRECTION('',(0.,-6.661338147751E-16,-1.));
#527 = ORIENTED_EDGE('',*,*,#505,.T.);
#528 = ORIENTED_EDGE('',*,*,#520,.T.);
#529 = ORIENTED_EDGE('',*,*,#530,.F.);
#530 = EDGE_CURVE('',#521,#521,#531,.T.);
#531 = CIRCLE('',#532,2.45);
#532 = AXIS2_PLACEMENT_3D('',#533,#534,#535);
#533 = CARTESIAN_POINT('',(1.27,1.7763568394E-15,4.));
#534 = DIRECTION('',(-2.189528850508E-47,-4.440892098501E-16,-1.));
#535 = DIRECTION('',(1.,3.625218039592E-16,-1.609920214737E-31));
#536 = CYLINDRICAL_SURFACE('',#537,2.45);
#537 = AXIS2_PLACEMENT_3D('',#538,#539,#540);
#538 = CARTESIAN_POINT('',(1.27,4.063416270128E-15,9.15));
#539 = DIRECTION('',(0.,-4.440892098501E-16,-1.));
#540 = DIRECTION('',(1.,8.292686265567E-16,-3.68269249121E-31));
#541 = ADVANCED_FACE('',(#542,#561),#564,.F.);
#542 = FACE_BOUND('',#543,.F.);
#543 = EDGE_LOOP('',(#544,#555));
#544 = ORIENTED_EDGE('',*,*,#545,.F.);
#545 = EDGE_CURVE('',#546,#548,#550,.T.);
#546 = VERTEX_POINT('',#547);
#547 = CARTESIAN_POINT('',(-1.229999999999,-1.46969384567,4.));
#548 = VERTEX_POINT('',#549);
#549 = CARTESIAN_POINT('',(-1.23,1.469693845669,4.));
#550 = CIRCLE('',#551,2.9);
#551 = AXIS2_PLACEMENT_3D('',#552,#553,#554);
#552 = CARTESIAN_POINT('',(1.27,0.,4.));
#553 = DIRECTION('',(0.,0.,1.));
#554 = DIRECTION('',(1.,0.,-0.));
#555 = ORIENTED_EDGE('',*,*,#556,.T.);
#556 = EDGE_CURVE('',#546,#548,#557,.T.);
#557 = LINE('',#558,#559);
#558 = CARTESIAN_POINT('',(-1.229999999999,-1.46969384567,4.));
#559 = VECTOR('',#560,1.);
#560 = DIRECTION('',(0.,1.,0.));
#561 = FACE_BOUND('',#562,.F.);
#562 = EDGE_LOOP('',(#563));
#563 = ORIENTED_EDGE('',*,*,#530,.F.);
#564 = PLANE('',#565);
#565 = AXIS2_PLACEMENT_3D('',#566,#567,#568);
#566 = CARTESIAN_POINT('',(-1.229999999999,-1.469693845671,4.));
#567 = DIRECTION('',(0.,0.,-1.));
#568 = DIRECTION('',(-1.,0.,0.));
#569 = ADVANCED_FACE('',(#570),#596,.T.);
#570 = FACE_BOUND('',#571,.T.);
#571 = EDGE_LOOP('',(#572,#583,#589,#590));
#572 = ORIENTED_EDGE('',*,*,#573,.T.);
#573 = EDGE_CURVE('',#574,#576,#578,.T.);
#574 = VERTEX_POINT('',#575);
#575 = CARTESIAN_POINT('',(-1.229999999999,-1.46969384567,3.));
#576 = VERTEX_POINT('',#577);
#577 = CARTESIAN_POINT('',(-1.23,1.469693845669,3.));
#578 = CIRCLE('',#579,2.9);
#579 = AXIS2_PLACEMENT_3D('',#580,#581,#582);
#580 = CARTESIAN_POINT('',(1.27,0.,3.));
#581 = DIRECTION('',(0.,0.,1.));
#582 = DIRECTION('',(1.,0.,-0.));
#583 = ORIENTED_EDGE('',*,*,#584,.T.);
#584 = EDGE_CURVE('',#576,#548,#585,.T.);
#585 = LINE('',#586,#587);
#586 = CARTESIAN_POINT('',(-1.23,1.469693845669,3.));
#587 = VECTOR('',#588,1.);
#588 = DIRECTION('',(0.,0.,1.));
#589 = ORIENTED_EDGE('',*,*,#545,.F.);
#590 = ORIENTED_EDGE('',*,*,#591,.F.);
#591 = EDGE_CURVE('',#574,#546,#592,.T.);
#592 = LINE('',#593,#594);
#593 = CARTESIAN_POINT('',(-1.229999999999,-1.46969384567,3.));
#594 = VECTOR('',#595,1.);
#595 = DIRECTION('',(0.,0.,1.));
#596 = CYLINDRICAL_SURFACE('',#597,2.9);
#597 = AXIS2_PLACEMENT_3D('',#598,#599,#600);
#598 = CARTESIAN_POINT('',(1.27,0.,3.));
#599 = DIRECTION('',(-0.,-0.,-1.));
#600 = DIRECTION('',(1.,0.,0.));
#601 = ADVANCED_FACE('',(#602),#613,.T.);
#602 = FACE_BOUND('',#603,.T.);
#603 = EDGE_LOOP('',(#604,#605,#606,#607));
#604 = ORIENTED_EDGE('',*,*,#591,.T.);
#605 = ORIENTED_EDGE('',*,*,#556,.T.);
#606 = ORIENTED_EDGE('',*,*,#584,.F.);
#607 = ORIENTED_EDGE('',*,*,#608,.F.);
#608 = EDGE_CURVE('',#574,#576,#609,.T.);
#609 = LINE('',#610,#611);
#610 = CARTESIAN_POINT('',(-1.229999999999,-1.46969384567,3.));
#611 = VECTOR('',#612,1.);
#612 = DIRECTION('',(0.,1.,0.));
#613 = PLANE('',#614);
#614 = AXIS2_PLACEMENT_3D('',#615,#616,#617);
#615 = CARTESIAN_POINT('',(-1.229999999999,-1.46969384567,3.));
#616 = DIRECTION('',(-1.,0.,0.));
#617 = DIRECTION('',(0.,1.,0.));
#618 = ADVANCED_FACE('',(#619,#623,#657),#691,.T.);
#619 = FACE_BOUND('',#620,.T.);
#620 = EDGE_LOOP('',(#621,#622));
#621 = ORIENTED_EDGE('',*,*,#573,.F.);
#622 = ORIENTED_EDGE('',*,*,#608,.T.);
#623 = FACE_BOUND('',#624,.T.);
#624 = EDGE_LOOP('',(#625,#635,#643,#651));
#625 = ORIENTED_EDGE('',*,*,#626,.T.);
#626 = EDGE_CURVE('',#627,#629,#631,.T.);
#627 = VERTEX_POINT('',#628);
#628 = CARTESIAN_POINT('',(-0.2,-0.2,3.));
#629 = VERTEX_POINT('',#630);
#630 = CARTESIAN_POINT('',(0.2,-0.2,3.));
#631 = LINE('',#632,#633);
#632 = CARTESIAN_POINT('',(-0.515,-0.2,3.));
#633 = VECTOR('',#634,1.);
#634 = DIRECTION('',(1.,0.,0.));
#635 = ORIENTED_EDGE('',*,*,#636,.T.);
#636 = EDGE_CURVE('',#629,#637,#639,.T.);
#637 = VERTEX_POINT('',#638);
#638 = CARTESIAN_POINT('',(0.2,0.2,3.));
#639 = LINE('',#640,#641);
#640 = CARTESIAN_POINT('',(0.2,-0.634846922835,3.));
#641 = VECTOR('',#642,1.);
#642 = DIRECTION('',(0.,1.,0.));
#643 = ORIENTED_EDGE('',*,*,#644,.T.);
#644 = EDGE_CURVE('',#637,#645,#647,.T.);
#645 = VERTEX_POINT('',#646);
#646 = CARTESIAN_POINT('',(-0.2,0.2,3.));
#647 = LINE('',#648,#649);
#648 = CARTESIAN_POINT('',(-0.715,0.2,3.));
#649 = VECTOR('',#650,1.);
#650 = DIRECTION('',(-1.,-0.,-0.));
#651 = ORIENTED_EDGE('',*,*,#652,.T.);
#652 = EDGE_CURVE('',#645,#627,#653,.T.);
#653 = LINE('',#654,#655);
#654 = CARTESIAN_POINT('',(-0.2,-0.834846922835,3.));
#655 = VECTOR('',#656,1.);
#656 = DIRECTION('',(0.,-1.,0.));
#657 = FACE_BOUND('',#658,.T.);
#658 = EDGE_LOOP('',(#659,#669,#677,#685));
#659 = ORIENTED_EDGE('',*,*,#660,.T.);
#660 = EDGE_CURVE('',#661,#663,#665,.T.);
#661 = VERTEX_POINT('',#662);
#662 = CARTESIAN_POINT('',(2.34,0.2,3.));
#663 = VERTEX_POINT('',#664);
#664 = CARTESIAN_POINT('',(2.34,-0.2,3.));
#665 = LINE('',#666,#667);
#666 = CARTESIAN_POINT('',(2.34,-0.834846922835,3.));
#667 = VECTOR('',#668,1.);
#668 = DIRECTION('',(0.,-1.,0.));
#669 = ORIENTED_EDGE('',*,*,#670,.T.);
#670 = EDGE_CURVE('',#663,#671,#673,.T.);
#671 = VERTEX_POINT('',#672);
#672 = CARTESIAN_POINT('',(2.74,-0.2,3.));
#673 = LINE('',#674,#675);
#674 = CARTESIAN_POINT('',(0.755,-0.2,3.));
#675 = VECTOR('',#676,1.);
#676 = DIRECTION('',(1.,0.,0.));
#677 = ORIENTED_EDGE('',*,*,#678,.T.);
#678 = EDGE_CURVE('',#671,#679,#681,.T.);
#679 = VERTEX_POINT('',#680);
#680 = CARTESIAN_POINT('',(2.74,0.2,3.));
#681 = LINE('',#682,#683);
#682 = CARTESIAN_POINT('',(2.74,-0.634846922835,3.));
#683 = VECTOR('',#684,1.);
#684 = DIRECTION('',(0.,1.,0.));
#685 = ORIENTED_EDGE('',*,*,#686,.T.);
#686 = EDGE_CURVE('',#679,#661,#687,.T.);
#687 = LINE('',#688,#689);
#688 = CARTESIAN_POINT('',(0.555,0.2,3.));
#689 = VECTOR('',#690,1.);
#690 = DIRECTION('',(-1.,-0.,-0.));
#691 = PLANE('',#692);
#692 = AXIS2_PLACEMENT_3D('',#693,#694,#695);
#693 = CARTESIAN_POINT('',(-1.229999999999,-1.469693845671,3.));
#694 = DIRECTION('',(0.,0.,-1.));
#695 = DIRECTION('',(-1.,0.,0.));
#696 = ADVANCED_FACE('',(#697),#722,.F.);
#697 = FACE_BOUND('',#698,.F.);
#698 = EDGE_LOOP('',(#699,#700,#708,#716));
#699 = ORIENTED_EDGE('',*,*,#626,.T.);
#700 = ORIENTED_EDGE('',*,*,#701,.T.);
#701 = EDGE_CURVE('',#629,#702,#704,.T.);
#702 = VERTEX_POINT('',#703);
#703 = CARTESIAN_POINT('',(0.2,-0.2,-2.5));
#704 = LINE('',#705,#706);
#705 = CARTESIAN_POINT('',(0.2,-0.2,3.5));
#706 = VECTOR('',#707,1.);
#707 = DIRECTION('',(-0.,-0.,-1.));
#708 = ORIENTED_EDGE('',*,*,#709,.T.);
#709 = EDGE_CURVE('',#702,#710,#712,.T.);
#710 = VERTEX_POINT('',#711);
#711 = CARTESIAN_POINT('',(-0.2,-0.2,-2.5));
#712 = LINE('',#713,#714);
#713 = CARTESIAN_POINT('',(0.2,-0.2,-2.5));
#714 = VECTOR('',#715,1.);
#715 = DIRECTION('',(-1.,0.,0.));
#716 = ORIENTED_EDGE('',*,*,#717,.F.);
#717 = EDGE_CURVE('',#627,#710,#718,.T.);
#718 = LINE('',#719,#720);
#719 = CARTESIAN_POINT('',(-0.2,-0.2,3.5));
#720 = VECTOR('',#721,1.);
#721 = DIRECTION('',(-0.,-0.,-1.));
#722 = PLANE('',#723);
#723 = AXIS2_PLACEMENT_3D('',#724,#725,#726);
#724 = CARTESIAN_POINT('',(0.2,-0.2,3.5));
#725 = DIRECTION('',(0.,1.,0.));
#726 = DIRECTION('',(-1.,0.,0.));
#727 = ADVANCED_FACE('',(#728),#746,.F.);
#728 = FACE_BOUND('',#729,.F.);
#729 = EDGE_LOOP('',(#730,#731,#732,#740));
#730 = ORIENTED_EDGE('',*,*,#652,.T.);
#731 = ORIENTED_EDGE('',*,*,#717,.T.);
#732 = ORIENTED_EDGE('',*,*,#733,.T.);
#733 = EDGE_CURVE('',#710,#734,#736,.T.);
#734 = VERTEX_POINT('',#735);
#735 = CARTESIAN_POINT('',(-0.2,0.2,-2.5));
#736 = LINE('',#737,#738);
#737 = CARTESIAN_POINT('',(-0.2,-0.2,-2.5));
#738 = VECTOR('',#739,1.);
#739 = DIRECTION('',(0.,1.,0.));
#740 = ORIENTED_EDGE('',*,*,#741,.F.);
#741 = EDGE_CURVE('',#645,#734,#742,.T.);
#742 = LINE('',#743,#744);
#743 = CARTESIAN_POINT('',(-0.2,0.2,3.5));
#744 = VECTOR('',#745,1.);
#745 = DIRECTION('',(-0.,-0.,-1.));
#746 = PLANE('',#747);
#747 = AXIS2_PLACEMENT_3D('',#748,#749,#750);
#748 = CARTESIAN_POINT('',(-0.2,-0.2,3.5));
#749 = DIRECTION('',(1.,0.,0.));
#750 = DIRECTION('',(-0.,1.,0.));
#751 = ADVANCED_FACE('',(#752),#770,.F.);
#752 = FACE_BOUND('',#753,.F.);
#753 = EDGE_LOOP('',(#754,#755,#756,#764));
#754 = ORIENTED_EDGE('',*,*,#644,.T.);
#755 = ORIENTED_EDGE('',*,*,#741,.T.);
#756 = ORIENTED_EDGE('',*,*,#757,.T.);
#757 = EDGE_CURVE('',#734,#758,#760,.T.);
#758 = VERTEX_POINT('',#759);
#759 = CARTESIAN_POINT('',(0.2,0.2,-2.5));
#760 = LINE('',#761,#762);
#761 = CARTESIAN_POINT('',(-0.2,0.2,-2.5));
#762 = VECTOR('',#763,1.);
#763 = DIRECTION('',(1.,0.,0.));
#764 = ORIENTED_EDGE('',*,*,#765,.F.);
#765 = EDGE_CURVE('',#637,#758,#766,.T.);
#766 = LINE('',#767,#768);
#767 = CARTESIAN_POINT('',(0.2,0.2,3.5));
#768 = VECTOR('',#769,1.);
#769 = DIRECTION('',(-0.,-0.,-1.));
#770 = PLANE('',#771);
#771 = AXIS2_PLACEMENT_3D('',#772,#773,#774);
#772 = CARTESIAN_POINT('',(-0.2,0.2,3.5));
#773 = DIRECTION('',(0.,-1.,0.));
#774 = DIRECTION('',(1.,0.,0.));
#775 = ADVANCED_FACE('',(#776),#787,.F.);
#776 = FACE_BOUND('',#777,.F.);
#777 = EDGE_LOOP('',(#778,#779,#780,#786));
#778 = ORIENTED_EDGE('',*,*,#636,.T.);
#779 = ORIENTED_EDGE('',*,*,#765,.T.);
#780 = ORIENTED_EDGE('',*,*,#781,.T.);
#781 = EDGE_CURVE('',#758,#702,#782,.T.);
#782 = LINE('',#783,#784);
#783 = CARTESIAN_POINT('',(0.2,0.2,-2.5));
#784 = VECTOR('',#785,1.);
#785 = DIRECTION('',(0.,-1.,0.));
#786 = ORIENTED_EDGE('',*,*,#701,.F.);
#787 = PLANE('',#788);
#788 = AXIS2_PLACEMENT_3D('',#789,#790,#791);
#789 = CARTESIAN_POINT('',(0.2,0.2,3.5));
#790 = DIRECTION('',(-1.,0.,0.));
#791 = DIRECTION('',(0.,-1.,0.));
#792 = ADVANCED_FACE('',(#793),#818,.F.);
#793 = FACE_BOUND('',#794,.F.);
#794 = EDGE_LOOP('',(#795,#796,#804,#812));
#795 = ORIENTED_EDGE('',*,*,#660,.T.);
#796 = ORIENTED_EDGE('',*,*,#797,.T.);
#797 = EDGE_CURVE('',#663,#798,#800,.T.);
#798 = VERTEX_POINT('',#799);
#799 = CARTESIAN_POINT('',(2.34,-0.2,-2.5));
#800 = LINE('',#801,#802);
#801 = CARTESIAN_POINT('',(2.34,-0.2,3.5));
#802 = VECTOR('',#803,1.);
#803 = DIRECTION('',(-0.,-0.,-1.));
#804 = ORIENTED_EDGE('',*,*,#805,.T.);
#805 = EDGE_CURVE('',#798,#806,#808,.T.);
#806 = VERTEX_POINT('',#807);
#807 = CARTESIAN_POINT('',(2.34,0.2,-2.5));
#808 = LINE('',#809,#810);
#809 = CARTESIAN_POINT('',(2.34,-0.2,-2.5));
#810 = VECTOR('',#811,1.);
#811 = DIRECTION('',(0.,1.,0.));
#812 = ORIENTED_EDGE('',*,*,#813,.F.);
#813 = EDGE_CURVE('',#661,#806,#814,.T.);
#814 = LINE('',#815,#816);
#815 = CARTESIAN_POINT('',(2.34,0.2,3.5));
#816 = VECTOR('',#817,1.);
#817 = DIRECTION('',(-0.,-0.,-1.));
#818 = PLANE('',#819);
#819 = AXIS2_PLACEMENT_3D('',#820,#821,#822);
#820 = CARTESIAN_POINT('',(2.34,-0.2,3.5));
#821 = DIRECTION('',(1.,0.,0.));
#822 = DIRECTION('',(-0.,1.,0.));
#823 = ADVANCED_FACE('',(#824),#842,.F.);
#824 = FACE_BOUND('',#825,.F.);
#825 = EDGE_LOOP('',(#826,#827,#828,#836));
#826 = ORIENTED_EDGE('',*,*,#686,.T.);
#827 = ORIENTED_EDGE('',*,*,#813,.T.);
#828 = ORIENTED_EDGE('',*,*,#829,.T.);
#829 = EDGE_CURVE('',#806,#830,#832,.T.);
#830 = VERTEX_POINT('',#831);
#831 = CARTESIAN_POINT('',(2.74,0.2,-2.5));
#832 = LINE('',#833,#834);
#833 = CARTESIAN_POINT('',(2.34,0.2,-2.5));
#834 = VECTOR('',#835,1.);
#835 = DIRECTION('',(1.,0.,0.));
#836 = ORIENTED_EDGE('',*,*,#837,.F.);
#837 = EDGE_CURVE('',#679,#830,#838,.T.);
#838 = LINE('',#839,#840);
#839 = CARTESIAN_POINT('',(2.74,0.2,3.5));
#840 = VECTOR('',#841,1.);
#841 = DIRECTION('',(-0.,-0.,-1.));
#842 = PLANE('',#843);
#843 = AXIS2_PLACEMENT_3D('',#844,#845,#846);
#844 = CARTESIAN_POINT('',(2.34,0.2,3.5));
#845 = DIRECTION('',(0.,-1.,0.));
#846 = DIRECTION('',(1.,0.,0.));
#847 = ADVANCED_FACE('',(#848),#866,.F.);
#848 = FACE_BOUND('',#849,.F.);
#849 = EDGE_LOOP('',(#850,#851,#852,#860));
#850 = ORIENTED_EDGE('',*,*,#678,.T.);
#851 = ORIENTED_EDGE('',*,*,#837,.T.);
#852 = ORIENTED_EDGE('',*,*,#853,.T.);
#853 = EDGE_CURVE('',#830,#854,#856,.T.);
#854 = VERTEX_POINT('',#855);
#855 = CARTESIAN_POINT('',(2.74,-0.2,-2.5));
#856 = LINE('',#857,#858);
#857 = CARTESIAN_POINT('',(2.74,0.2,-2.5));
#858 = VECTOR('',#859,1.);
#859 = DIRECTION('',(0.,-1.,0.));
#860 = ORIENTED_EDGE('',*,*,#861,.F.);
#861 = EDGE_CURVE('',#671,#854,#862,.T.);
#862 = LINE('',#863,#864);
#863 = CARTESIAN_POINT('',(2.74,-0.2,3.5));
#864 = VECTOR('',#865,1.);
#865 = DIRECTION('',(-0.,-0.,-1.));
#866 = PLANE('',#867);
#867 = AXIS2_PLACEMENT_3D('',#868,#869,#870);
#868 = CARTESIAN_POINT('',(2.74,0.2,3.5));
#869 = DIRECTION('',(-1.,0.,0.));
#870 = DIRECTION('',(0.,-1.,0.));
#871 = ADVANCED_FACE('',(#872),#883,.F.);
#872 = FACE_BOUND('',#873,.F.);
#873 = EDGE_LOOP('',(#874,#875,#876,#882));
#874 = ORIENTED_EDGE('',*,*,#670,.T.);
#875 = ORIENTED_EDGE('',*,*,#861,.T.);
#876 = ORIENTED_EDGE('',*,*,#877,.T.);
#877 = EDGE_CURVE('',#854,#798,#878,.T.);
#878 = LINE('',#879,#880);
#879 = CARTESIAN_POINT('',(2.74,-0.2,-2.5));
#880 = VECTOR('',#881,1.);
#881 = DIRECTION('',(-1.,0.,0.));
#882 = ORIENTED_EDGE('',*,*,#797,.F.);
#883 = PLANE('',#884);
#884 = AXIS2_PLACEMENT_3D('',#885,#886,#887);
#885 = CARTESIAN_POINT('',(2.74,-0.2,3.5));
#886 = DIRECTION('',(0.,1.,0.));
#887 = DIRECTION('',(-1.,0.,0.));
#888 = ADVANCED_FACE('',(#889),#895,.F.);
#889 = FACE_BOUND('',#890,.T.);
#890 = EDGE_LOOP('',(#891,#892,#893,#894));
#891 = ORIENTED_EDGE('',*,*,#757,.T.);
#892 = ORIENTED_EDGE('',*,*,#781,.T.);
#893 = ORIENTED_EDGE('',*,*,#709,.T.);
#894 = ORIENTED_EDGE('',*,*,#733,.T.);
#895 = PLANE('',#896);
#896 = AXIS2_PLACEMENT_3D('',#897,#898,#899);
#897 = CARTESIAN_POINT('',(-0.2,0.2,-2.5));
#898 = DIRECTION('',(0.,0.,1.));
#899 = DIRECTION('',(1.,0.,-0.));
#900 = ADVANCED_FACE('',(#901),#907,.F.);
#901 = FACE_BOUND('',#902,.T.);
#902 = EDGE_LOOP('',(#903,#904,#905,#906));
#903 = ORIENTED_EDGE('',*,*,#829,.T.);
#904 = ORIENTED_EDGE('',*,*,#853,.T.);
#905 = ORIENTED_EDGE('',*,*,#877,.T.);
#906 = ORIENTED_EDGE('',*,*,#805,.T.);
#907 = PLANE('',#908);
#908 = AXIS2_PLACEMENT_3D('',#909,#910,#911);
#909 = CARTESIAN_POINT('',(2.34,0.2,-2.5));
#910 = DIRECTION('',(0.,0.,1.));
#911 = DIRECTION('',(1.,0.,-0.));
#912 = ( GEOMETRIC_REPRESENTATION_CONTEXT(3) 
GLOBAL_UNCERTAINTY_ASSIGNED_CONTEXT((#916)) GLOBAL_UNIT_ASSIGNED_CONTEXT
((#913,#914,#915)) REPRESENTATION_CONTEXT('Context #1',
  '3D Context with UNIT and UNCERTAINTY') );
#913 = ( LENGTH_UNIT() NAMED_UNIT(*) SI_UNIT(.MILLI.,.METRE.) );
#914 = ( NAMED_UNIT(*) PLANE_ANGLE_UNIT() SI_UNIT($,.RADIAN.) );
#915 = ( NAMED_UNIT(*) SI_UNIT($,.STERADIAN.) SOLID_ANGLE_UNIT() );
#916 = UNCERTAINTY_MEASURE_WITH_UNIT(LENGTH_MEASURE(1.E-07),#913,
  'distance_accuracy_value','confusion accuracy');
#917 = CONTEXT_DEPENDENT_SHAPE_REPRESENTATION(#918,#920);
#918 = ( REPRESENTATION_RELATIONSHIP('','',#486,#463) 
REPRESENTATION_RELATIONSHIP_WITH_TRANSFORMATION(#919) 
SHAPE_REPRESENTATION_RELATIONSHIP() );
#919 = ITEM_DEFINED_TRANSFORMATION('','',#11,#464);
#920 = PRODUCT_DEFINITION_SHAPE('Placement','Placement of an item',#921
  );
#921 = NEXT_ASSEMBLY_USAGE_OCCURRENCE('6','=>[0:1:1:5]','',#458,#481,$);
#922 = PRODUCT_RELATED_PRODUCT_CATEGORY('part',$,(#483));
#923 = SHAPE_DEFINITION_REPRESENTATION(#924,#930);
#924 = PRODUCT_DEFINITION_SHAPE('','',#925);
#925 = PRODUCT_DEFINITION('design','',#926,#929);
#926 = PRODUCT_DEFINITION_FORMATION('','',#927);
#927 = PRODUCT('R_Axial_DIN0309_L9.0mm_D3.2mm_P5.08mm_Vertical',
  'R_Axial_DIN0309_L9.0mm_D3.2mm_P5.08mm_Vertical','',(#928));
#928 = PRODUCT_CONTEXT('',#2,'mechanical');
#929 = PRODUCT_DEFINITION_CONTEXT('part definition',#2,'design');
#930 = SHAPE_REPRESENTATION('',(#11,#931),#935);
#931 = AXIS2_PLACEMENT_3D('',#932,#933,#934);
#932 = CARTESIAN_POINT('',(0.,0.,0.));
#933 = DIRECTION('',(0.,0.,1.));
#934 = DIRECTION('',(1.,0.,-0.));
#935 = ( GEOMETRIC_REPRESENTATION_CONTEXT(3) 
GLOBAL_UNCERTAINTY_ASSIGNED_CONTEXT((#939)) GLOBAL_UNIT_ASSIGNED_CONTEXT
((#936,#937,#938)) REPRESENTATION_CONTEXT('Context #1',
  '3D Context with UNIT and UNCERTAINTY') );
#936 = ( LENGTH_UNIT() NAMED_UNIT(*) SI_UNIT(.MILLI.,.METRE.) );
#937 = ( NAMED_UNIT(*) PLANE_ANGLE_UNIT() SI_UNIT($,.RADIAN.) );
#938 = ( NAMED_UNIT(*) SI_UNIT($,.STERADIAN.) SOLID_ANGLE_UNIT() );
#939 = UNCERTAINTY_MEASURE_WITH_UNIT(LENGTH_MEASURE(1.E-07),#936,
  'distance_accuracy_value','confusion accuracy');
#940 = CONTEXT_DEPENDENT_SHAPE_REPRESENTATION(#941,#943);
#941 = ( REPRESENTATION_RELATIONSHIP('','',#930,#10) 
REPRESENTATION_RELATIONSHIP_WITH_TRANSFORMATION(#942) 
SHAPE_REPRESENTATION_RELATIONSHIP() );
#942 = ITEM_DEFINED_TRANSFORMATION('','',#11,#35);
#943 = PRODUCT_DEFINITION_SHAPE('Placement','Placement of an item',#944
  );
#944 = NEXT_ASSEMBLY_USAGE_OCCURRENCE('9','R1','',#5,#925,$);
#945 = PRODUCT_RELATED_PRODUCT_CATEGORY('part',$,(#927));
#946 = SHAPE_DEFINITION_REPRESENTATION(#947,#953);
#947 = PRODUCT_DEFINITION_SHAPE('','',#948);
#948 = PRODUCT_DEFINITION('design','',#949,#952);
#949 = PRODUCT_DEFINITION_FORMATION('','',#950);
#950 = PRODUCT('R_Axial_DIN0309_L90mm_D32mm_P508mm_Vertical',
  'R_Axial_DIN0309_L90mm_D32mm_P508mm_Vertical','',(#951));
#951 = PRODUCT_CONTEXT('',#2,'mechanical');
#952 = PRODUCT_DEFINITION_CONTEXT('part definition',#2,'design');
#953 = ADVANCED_BREP_SHAPE_REPRESENTATION('',(#11,#954),#1341);
#954 = MANIFOLD_SOLID_BREP('',#955);
#955 = CLOSED_SHELL('',(#956,#989,#1015,#1035,#1055,#1080,#1105,#1125,
    #1134,#1159,#1185,#1205,#1230,#1256,#1281,#1307,#1332));
#956 = ADVANCED_FACE('',(#957),#984,.T.);
#957 = FACE_BOUND('',#958,.T.);
#958 = EDGE_LOOP('',(#959,#968,#976,#983));
#959 = ORIENTED_EDGE('',*,*,#960,.T.);
#960 = EDGE_CURVE('',#961,#961,#963,.T.);
#961 = VERTEX_POINT('',#962);
#962 = CARTESIAN_POINT('',(1.6,0.,1.8));
#963 = CIRCLE('',#964,1.6);
#964 = AXIS2_PLACEMENT_3D('',#965,#966,#967);
#965 = CARTESIAN_POINT('',(0.,0.,1.8));
#966 = DIRECTION('',(0.,0.,1.));
#967 = DIRECTION('',(1.,0.,-0.));
#968 = ORIENTED_EDGE('',*,*,#969,.T.);
#969 = EDGE_CURVE('',#961,#970,#972,.T.);
#970 = VERTEX_POINT('',#971);
#971 = CARTESIAN_POINT('',(1.6,0.,3.25));
#972 = LINE('',#973,#974);
#973 = CARTESIAN_POINT('',(1.6,0.,1.));
#974 = VECTOR('',#975,1.);
#975 = DIRECTION('',(0.,0.,1.));
#976 = ORIENTED_EDGE('',*,*,#977,.F.);
#977 = EDGE_CURVE('',#970,#970,#978,.T.);
#978 = CIRCLE('',#979,1.6);
#979 = AXIS2_PLACEMENT_3D('',#980,#981,#982);
#980 = CARTESIAN_POINT('',(0.,0.,3.25));
#981 = DIRECTION('',(0.,0.,1.));
#982 = DIRECTION('',(1.,0.,-0.));
#983 = ORIENTED_EDGE('',*,*,#969,.F.);
#984 = CYLINDRICAL_SURFACE('',#985,1.6);
#985 = AXIS2_PLACEMENT_3D('',#986,#987,#988);
#986 = CARTESIAN_POINT('',(0.,0.,1.));
#987 = DIRECTION('',(-0.,-0.,-1.));
#988 = DIRECTION('',(1.,0.,0.));
#989 = ADVANCED_FACE('',(#990),#1010,.T.);
#990 = FACE_BOUND('',#991,.T.);
#991 = EDGE_LOOP('',(#992,#1001,#1008,#1009));
#992 = ORIENTED_EDGE('',*,*,#993,.T.);
#993 = EDGE_CURVE('',#994,#994,#996,.T.);
#994 = VERTEX_POINT('',#995);
#995 = CARTESIAN_POINT('',(0.8,0.,1.));
#996 = CIRCLE('',#997,0.8);
#997 = AXIS2_PLACEMENT_3D('',#998,#999,#1000);
#998 = CARTESIAN_POINT('',(0.,0.,1.));
#999 = DIRECTION('',(0.,0.,1.));
#1000 = DIRECTION('',(1.,0.,-0.));
#1001 = ORIENTED_EDGE('',*,*,#1002,.F.);
#1002 = EDGE_CURVE('',#961,#994,#1003,.T.);
#1003 = CIRCLE('',#1004,0.8);
#1004 = AXIS2_PLACEMENT_3D('',#1005,#1006,#1007);
#1005 = CARTESIAN_POINT('',(0.8,0.,1.8));
#1006 = DIRECTION('',(-0.,1.,0.));
#1007 = DIRECTION('',(1.,0.,0.));
#1008 = ORIENTED_EDGE('',*,*,#960,.F.);
#1009 = ORIENTED_EDGE('',*,*,#1002,.T.);
#1010 = TOROIDAL_SURFACE('',#1011,0.8,0.8);
#1011 = AXIS2_PLACEMENT_3D('',#1012,#1013,#1014);
#1012 = CARTESIAN_POINT('',(0.,0.,1.8));
#1013 = DIRECTION('',(0.,0.,-1.));
#1014 = DIRECTION('',(1.,0.,0.));
#1015 = ADVANCED_FACE('',(#1016,#1019),#1030,.F.);
#1016 = FACE_BOUND('',#1017,.F.);
#1017 = EDGE_LOOP('',(#1018));
#1018 = ORIENTED_EDGE('',*,*,#977,.F.);
#1019 = FACE_BOUND('',#1020,.F.);
#1020 = EDGE_LOOP('',(#1021));
#1021 = ORIENTED_EDGE('',*,*,#1022,.F.);
#1022 = EDGE_CURVE('',#1023,#1023,#1025,.T.);
#1023 = VERTEX_POINT('',#1024);
#1024 = CARTESIAN_POINT('',(1.44,0.,3.25));
#1025 = CIRCLE('',#1026,1.44);
#1026 = AXIS2_PLACEMENT_3D('',#1027,#1028,#1029);
#1027 = CARTESIAN_POINT('',(0.,0.,3.25));
#1028 = DIRECTION('',(0.,0.,-1.));
#1029 = DIRECTION('',(1.,0.,0.));
#1030 = PLANE('',#1031);
#1031 = AXIS2_PLACEMENT_3D('',#1032,#1033,#1034);
#1032 = CARTESIAN_POINT('',(1.6,0.,3.25));
#1033 = DIRECTION('',(0.,0.,-1.));
#1034 = DIRECTION('',(-1.,0.,0.));
#1035 = ADVANCED_FACE('',(#1036,#1039),#1050,.T.);
#1036 = FACE_BOUND('',#1037,.T.);
#1037 = EDGE_LOOP('',(#1038));
#1038 = ORIENTED_EDGE('',*,*,#993,.F.);
#1039 = FACE_BOUND('',#1040,.T.);
#1040 = EDGE_LOOP('',(#1041));
#1041 = ORIENTED_EDGE('',*,*,#1042,.T.);
#1042 = EDGE_CURVE('',#1043,#1043,#1045,.T.);
#1043 = VERTEX_POINT('',#1044);
#1044 = CARTESIAN_POINT('',(0.35,0.,1.));
#1045 = CIRCLE('',#1046,0.35);
#1046 = AXIS2_PLACEMENT_3D('',#1047,#1048,#1049);
#1047 = CARTESIAN_POINT('',(0.,0.,1.));
#1048 = DIRECTION('',(0.,0.,1.));
#1049 = DIRECTION('',(1.,0.,-0.));
#1050 = PLANE('',#1051);
#1051 = AXIS2_PLACEMENT_3D('',#1052,#1053,#1054);
#1052 = CARTESIAN_POINT('',(1.6,0.,1.));
#1053 = DIRECTION('',(0.,0.,-1.));
#1054 = DIRECTION('',(-1.,0.,0.));
#1055 = ADVANCED_FACE('',(#1056),#1075,.T.);
#1056 = FACE_BOUND('',#1057,.T.);
#1057 = EDGE_LOOP('',(#1058,#1067,#1073,#1074));
#1058 = ORIENTED_EDGE('',*,*,#1059,.T.);
#1059 = EDGE_CURVE('',#1060,#1060,#1062,.T.);
#1060 = VERTEX_POINT('',#1061);
#1061 = CARTESIAN_POINT('',(1.44,0.,7.75));
#1062 = CIRCLE('',#1063,1.44);
#1063 = AXIS2_PLACEMENT_3D('',#1064,#1065,#1066);
#1064 = CARTESIAN_POINT('',(0.,0.,7.75));
#1065 = DIRECTION('',(0.,0.,-1.));
#1066 = DIRECTION('',(1.,0.,0.));
#1067 = ORIENTED_EDGE('',*,*,#1068,.F.);
#1068 = EDGE_CURVE('',#1023,#1060,#1069,.T.);
#1069 = LINE('',#1070,#1071);
#1070 = CARTESIAN_POINT('',(1.44,0.,1.));
#1071 = VECTOR('',#1072,1.);
#1072 = DIRECTION('',(0.,0.,1.));
#1073 = ORIENTED_EDGE('',*,*,#1022,.F.);
#1074 = ORIENTED_EDGE('',*,*,#1068,.T.);
#1075 = CYLINDRICAL_SURFACE('',#1076,1.44);
#1076 = AXIS2_PLACEMENT_3D('',#1077,#1078,#1079);
#1077 = CARTESIAN_POINT('',(0.,0.,1.));
#1078 = DIRECTION('',(-0.,-0.,-1.));
#1079 = DIRECTION('',(1.,0.,0.));
#1080 = ADVANCED_FACE('',(#1081),#1100,.T.);
#1081 = FACE_BOUND('',#1082,.T.);
#1082 = EDGE_LOOP('',(#1083,#1092,#1098,#1099));
#1083 = ORIENTED_EDGE('',*,*,#1084,.T.);
#1084 = EDGE_CURVE('',#1085,#1085,#1087,.T.);
#1085 = VERTEX_POINT('',#1086);
#1086 = CARTESIAN_POINT('',(0.35,-8.572527594031E-17,-3.));
#1087 = CIRCLE('',#1088,0.35);
#1088 = AXIS2_PLACEMENT_3D('',#1089,#1090,#1091);
#1089 = CARTESIAN_POINT('',(0.,0.,-3.));
#1090 = DIRECTION('',(0.,0.,1.));
#1091 = DIRECTION('',(1.,0.,-0.));
#1092 = ORIENTED_EDGE('',*,*,#1093,.T.);
#1093 = EDGE_CURVE('',#1085,#1043,#1094,.T.);
#1094 = LINE('',#1095,#1096);
#1095 = CARTESIAN_POINT('',(0.35,0.,-3.));
#1096 = VECTOR('',#1097,1.);
#1097 = DIRECTION('',(0.,0.,1.));
#1098 = ORIENTED_EDGE('',*,*,#1042,.F.);
#1099 = ORIENTED_EDGE('',*,*,#1093,.F.);
#1100 = CYLINDRICAL_SURFACE('',#1101,0.35);
#1101 = AXIS2_PLACEMENT_3D('',#1102,#1103,#1104);
#1102 = CARTESIAN_POINT('',(0.,0.,-3.));
#1103 = DIRECTION('',(0.,0.,1.));
#1104 = DIRECTION('',(1.,0.,-0.));
#1105 = ADVANCED_FACE('',(#1106,#1117),#1120,.T.);
#1106 = FACE_BOUND('',#1107,.T.);
#1107 = EDGE_LOOP('',(#1108));
#1108 = ORIENTED_EDGE('',*,*,#1109,.F.);
#1109 = EDGE_CURVE('',#1110,#1110,#1112,.T.);
#1110 = VERTEX_POINT('',#1111);
#1111 = CARTESIAN_POINT('',(1.6,0.,7.75));
#1112 = CIRCLE('',#1113,1.6);
#1113 = AXIS2_PLACEMENT_3D('',#1114,#1115,#1116);
#1114 = CARTESIAN_POINT('',(0.,0.,7.75));
#1115 = DIRECTION('',(0.,0.,1.));
#1116 = DIRECTION('',(1.,0.,-0.));
#1117 = FACE_BOUND('',#1118,.T.);
#1118 = EDGE_LOOP('',(#1119));
#1119 = ORIENTED_EDGE('',*,*,#1059,.F.);
#1120 = PLANE('',#1121);
#1121 = AXIS2_PLACEMENT_3D('',#1122,#1123,#1124);
#1122 = CARTESIAN_POINT('',(1.6,0.,7.75));
#1123 = DIRECTION('',(0.,0.,-1.));
#1124 = DIRECTION('',(-1.,0.,0.));
#1125 = ADVANCED_FACE('',(#1126),#1129,.T.);
#1126 = FACE_BOUND('',#1127,.F.);
#1127 = EDGE_LOOP('',(#1128));
#1128 = ORIENTED_EDGE('',*,*,#1084,.T.);
#1129 = PLANE('',#1130);
#1130 = AXIS2_PLACEMENT_3D('',#1131,#1132,#1133);
#1131 = CARTESIAN_POINT('',(0.35,0.,-3.));
#1132 = DIRECTION('',(0.,0.,-1.));
#1133 = DIRECTION('',(-1.,0.,0.));
#1134 = ADVANCED_FACE('',(#1135),#1154,.T.);
#1135 = FACE_BOUND('',#1136,.T.);
#1136 = EDGE_LOOP('',(#1137,#1138,#1146,#1153));
#1137 = ORIENTED_EDGE('',*,*,#1109,.T.);
#1138 = ORIENTED_EDGE('',*,*,#1139,.T.);
#1139 = EDGE_CURVE('',#1110,#1140,#1142,.T.);
#1140 = VERTEX_POINT('',#1141);
#1141 = CARTESIAN_POINT('',(1.6,0.,9.2));
#1142 = LINE('',#1143,#1144);
#1143 = CARTESIAN_POINT('',(1.6,0.,7.75));
#1144 = VECTOR('',#1145,1.);
#1145 = DIRECTION('',(0.,0.,1.));
#1146 = ORIENTED_EDGE('',*,*,#1147,.F.);
#1147 = EDGE_CURVE('',#1140,#1140,#1148,.T.);
#1148 = CIRCLE('',#1149,1.6);
#1149 = AXIS2_PLACEMENT_3D('',#1150,#1151,#1152);
#1150 = CARTESIAN_POINT('',(0.,0.,9.2));
#1151 = DIRECTION('',(0.,0.,1.));
#1152 = DIRECTION('',(1.,0.,-0.));
#1153 = ORIENTED_EDGE('',*,*,#1139,.F.);
#1154 = CYLINDRICAL_SURFACE('',#1155,1.6);
#1155 = AXIS2_PLACEMENT_3D('',#1156,#1157,#1158);
#1156 = CARTESIAN_POINT('',(0.,0.,7.75));
#1157 = DIRECTION('',(-0.,-0.,-1.));
#1158 = DIRECTION('',(1.,0.,0.));
#1159 = ADVANCED_FACE('',(#1160),#1180,.T.);
#1160 = FACE_BOUND('',#1161,.T.);
#1161 = EDGE_LOOP('',(#1162,#1171,#1172,#1173));
#1162 = ORIENTED_EDGE('',*,*,#1163,.F.);
#1163 = EDGE_CURVE('',#1140,#1164,#1166,.T.);
#1164 = VERTEX_POINT('',#1165);
#1165 = CARTESIAN_POINT('',(0.8,0.,10.));
#1166 = CIRCLE('',#1167,0.8);
#1167 = AXIS2_PLACEMENT_3D('',#1168,#1169,#1170);
#1168 = CARTESIAN_POINT('',(0.8,0.,9.2));
#1169 = DIRECTION('',(0.,-1.,0.));
#1170 = DIRECTION('',(1.,0.,0.));
#1171 = ORIENTED_EDGE('',*,*,#1147,.T.);
#1172 = ORIENTED_EDGE('',*,*,#1163,.T.);
#1173 = ORIENTED_EDGE('',*,*,#1174,.F.);
#1174 = EDGE_CURVE('',#1164,#1164,#1175,.T.);
#1175 = CIRCLE('',#1176,0.8);
#1176 = AXIS2_PLACEMENT_3D('',#1177,#1178,#1179);
#1177 = CARTESIAN_POINT('',(0.,0.,10.));
#1178 = DIRECTION('',(0.,0.,1.));
#1179 = DIRECTION('',(1.,0.,-0.));
#1180 = TOROIDAL_SURFACE('',#1181,0.8,0.8);
#1181 = AXIS2_PLACEMENT_3D('',#1182,#1183,#1184);
#1182 = CARTESIAN_POINT('',(0.,0.,9.2));
#1183 = DIRECTION('',(0.,0.,1.));
#1184 = DIRECTION('',(1.,0.,-0.));
#1185 = ADVANCED_FACE('',(#1186,#1189),#1200,.F.);
#1186 = FACE_BOUND('',#1187,.F.);
#1187 = EDGE_LOOP('',(#1188));
#1188 = ORIENTED_EDGE('',*,*,#1174,.F.);
#1189 = FACE_BOUND('',#1190,.F.);
#1190 = EDGE_LOOP('',(#1191));
#1191 = ORIENTED_EDGE('',*,*,#1192,.T.);
#1192 = EDGE_CURVE('',#1193,#1193,#1195,.T.);
#1193 = VERTEX_POINT('',#1194);
#1194 = CARTESIAN_POINT('',(0.35,0.,10.));
#1195 = CIRCLE('',#1196,0.35);
#1196 = AXIS2_PLACEMENT_3D('',#1197,#1198,#1199);
#1197 = CARTESIAN_POINT('',(0.,0.,10.));
#1198 = DIRECTION('',(0.,0.,1.));
#1199 = DIRECTION('',(1.,0.,-0.));
#1200 = PLANE('',#1201);
#1201 = AXIS2_PLACEMENT_3D('',#1202,#1203,#1204);
#1202 = CARTESIAN_POINT('',(1.6,0.,10.));
#1203 = DIRECTION('',(0.,0.,-1.));
#1204 = DIRECTION('',(-1.,0.,0.));
#1205 = ADVANCED_FACE('',(#1206),#1225,.T.);
#1206 = FACE_BOUND('',#1207,.T.);
#1207 = EDGE_LOOP('',(#1208,#1209,#1217,#1224));
#1208 = ORIENTED_EDGE('',*,*,#1192,.T.);
#1209 = ORIENTED_EDGE('',*,*,#1210,.T.);
#1210 = EDGE_CURVE('',#1193,#1211,#1213,.T.);
#1211 = VERTEX_POINT('',#1212);
#1212 = CARTESIAN_POINT('',(0.35,0.,11.));
#1213 = LINE('',#1214,#1215);
#1214 = CARTESIAN_POINT('',(0.35,0.,-3.));
#1215 = VECTOR('',#1216,1.);
#1216 = DIRECTION('',(0.,0.,1.));
#1217 = ORIENTED_EDGE('',*,*,#1218,.F.);
#1218 = EDGE_CURVE('',#1211,#1211,#1219,.T.);
#1219 = CIRCLE('',#1220,0.35);
#1220 = AXIS2_PLACEMENT_3D('',#1221,#1222,#1223);
#1221 = CARTESIAN_POINT('',(0.,0.,11.));
#1222 = DIRECTION('',(0.,0.,1.));
#1223 = DIRECTION('',(1.,0.,-0.));
#1224 = ORIENTED_EDGE('',*,*,#1210,.F.);
#1225 = CYLINDRICAL_SURFACE('',#1226,0.35);
#1226 = AXIS2_PLACEMENT_3D('',#1227,#1228,#1229);
#1227 = CARTESIAN_POINT('',(0.,0.,-3.));
#1228 = DIRECTION('',(0.,0.,1.));
#1229 = DIRECTION('',(1.,0.,-0.));
#1230 = ADVANCED_FACE('',(#1231),#1251,.T.);
#1231 = FACE_BOUND('',#1232,.T.);
#1232 = EDGE_LOOP('',(#1233,#1242,#1249,#1250));
#1233 = ORIENTED_EDGE('',*,*,#1234,.T.);
#1234 = EDGE_CURVE('',#1211,#1235,#1237,.T.);
#1235 = VERTEX_POINT('',#1236);
#1236 = CARTESIAN_POINT('',(1.05,0.,11.7));
#1237 = CIRCLE('',#1238,0.7);
#1238 = AXIS2_PLACEMENT_3D('',#1239,#1240,#1241);
#1239 = CARTESIAN_POINT('',(1.05,1.285879139105E-16,11.));
#1240 = DIRECTION('',(0.,1.,-0.));
#1241 = DIRECTION('',(-1.,0.,0.));
#1242 = ORIENTED_EDGE('',*,*,#1243,.T.);
#1243 = EDGE_CURVE('',#1235,#1235,#1244,.T.);
#1244 = CIRCLE('',#1245,0.35);
#1245 = AXIS2_PLACEMENT_3D('',#1246,#1247,#1248);
#1246 = CARTESIAN_POINT('',(1.05,0.,12.05));
#1247 = DIRECTION('',(-1.,0.,-9.494107596575E-16));
#1248 = DIRECTION('',(-9.494107596575E-16,0.,1.));
#1249 = ORIENTED_EDGE('',*,*,#1234,.F.);
#1250 = ORIENTED_EDGE('',*,*,#1218,.T.);
#1251 = TOROIDAL_SURFACE('',#1252,1.05,0.35);
#1252 = AXIS2_PLACEMENT_3D('',#1253,#1254,#1255);
#1253 = CARTESIAN_POINT('',(1.05,0.,11.));
#1254 = DIRECTION('',(0.,1.,0.));
#1255 = DIRECTION('',(-1.,0.,0.));
#1256 = ADVANCED_FACE('',(#1257),#1276,.T.);
#1257 = FACE_BOUND('',#1258,.T.);
#1258 = EDGE_LOOP('',(#1259,#1267,#1274,#1275));
#1259 = ORIENTED_EDGE('',*,*,#1260,.T.);
#1260 = EDGE_CURVE('',#1235,#1261,#1263,.T.);
#1261 = VERTEX_POINT('',#1262);
#1262 = CARTESIAN_POINT('',(4.03,0.,11.7));
#1263 = LINE('',#1264,#1265);
#1264 = CARTESIAN_POINT('',(1.05,0.,11.7));
#1265 = VECTOR('',#1266,1.);
#1266 = DIRECTION('',(1.,0.,0.));
#1267 = ORIENTED_EDGE('',*,*,#1268,.F.);
#1268 = EDGE_CURVE('',#1261,#1261,#1269,.T.);
#1269 = CIRCLE('',#1270,0.35);
#1270 = AXIS2_PLACEMENT_3D('',#1271,#1272,#1273);
#1271 = CARTESIAN_POINT('',(4.03,0.,12.05));
#1272 = DIRECTION('',(1.,-0.,0.));
#1273 = DIRECTION('',(0.,0.,-1.));
#1274 = ORIENTED_EDGE('',*,*,#1260,.F.);
#1275 = ORIENTED_EDGE('',*,*,#1243,.F.);
#1276 = CYLINDRICAL_SURFACE('',#1277,0.35);
#1277 = AXIS2_PLACEMENT_3D('',#1278,#1279,#1280);
#1278 = CARTESIAN_POINT('',(1.05,0.,12.05));
#1279 = DIRECTION('',(1.,0.,0.));
#1280 = DIRECTION('',(0.,0.,-1.));
#1281 = ADVANCED_FACE('',(#1282),#1302,.T.);
#1282 = FACE_BOUND('',#1283,.T.);
#1283 = EDGE_LOOP('',(#1284,#1293,#1300,#1301));
#1284 = ORIENTED_EDGE('',*,*,#1285,.T.);
#1285 = EDGE_CURVE('',#1261,#1286,#1288,.T.);
#1286 = VERTEX_POINT('',#1287);
#1287 = CARTESIAN_POINT('',(4.73,0.,11.));
#1288 = CIRCLE('',#1289,0.7);
#1289 = AXIS2_PLACEMENT_3D('',#1290,#1291,#1292);
#1290 = CARTESIAN_POINT('',(4.03,1.285879139105E-16,11.));
#1291 = DIRECTION('',(0.,1.,0.));
#1292 = DIRECTION('',(0.,-0.,1.));
#1293 = ORIENTED_EDGE('',*,*,#1294,.T.);
#1294 = EDGE_CURVE('',#1286,#1286,#1295,.T.);
#1295 = CIRCLE('',#1296,0.35);
#1296 = AXIS2_PLACEMENT_3D('',#1297,#1298,#1299);
#1297 = CARTESIAN_POINT('',(5.08,0.,11.));
#1298 = DIRECTION('',(1.715124499443E-15,-0.,1.));
#1299 = DIRECTION('',(1.,0.,-1.715124499443E-15));
#1300 = ORIENTED_EDGE('',*,*,#1285,.F.);
#1301 = ORIENTED_EDGE('',*,*,#1268,.T.);
#1302 = TOROIDAL_SURFACE('',#1303,1.05,0.35);
#1303 = AXIS2_PLACEMENT_3D('',#1304,#1305,#1306);
#1304 = CARTESIAN_POINT('',(4.03,0.,11.));
#1305 = DIRECTION('',(0.,1.,0.));
#1306 = DIRECTION('',(0.,-0.,1.));
#1307 = ADVANCED_FACE('',(#1308),#1327,.T.);
#1308 = FACE_BOUND('',#1309,.T.);
#1309 = EDGE_LOOP('',(#1310,#1318,#1325,#1326));
#1310 = ORIENTED_EDGE('',*,*,#1311,.T.);
#1311 = EDGE_CURVE('',#1286,#1312,#1314,.T.);
#1312 = VERTEX_POINT('',#1313);
#1313 = CARTESIAN_POINT('',(4.73,-8.572527594031E-17,-3.));
#1314 = LINE('',#1315,#1316);
#1315 = CARTESIAN_POINT('',(4.73,0.,11.));
#1316 = VECTOR('',#1317,1.);
#1317 = DIRECTION('',(0.,0.,-1.));
#1318 = ORIENTED_EDGE('',*,*,#1319,.F.);
#1319 = EDGE_CURVE('',#1312,#1312,#1320,.T.);
#1320 = CIRCLE('',#1321,0.35);
#1321 = AXIS2_PLACEMENT_3D('',#1322,#1323,#1324);
#1322 = CARTESIAN_POINT('',(5.08,0.,-3.));
#1323 = DIRECTION('',(0.,0.,-1.));
#1324 = DIRECTION('',(-1.,0.,0.));
#1325 = ORIENTED_EDGE('',*,*,#1311,.F.);
#1326 = ORIENTED_EDGE('',*,*,#1294,.F.);
#1327 = CYLINDRICAL_SURFACE('',#1328,0.35);
#1328 = AXIS2_PLACEMENT_3D('',#1329,#1330,#1331);
#1329 = CARTESIAN_POINT('',(5.08,0.,11.));
#1330 = DIRECTION('',(0.,0.,-1.));
#1331 = DIRECTION('',(-1.,0.,0.));
#1332 = ADVANCED_FACE('',(#1333),#1336,.F.);
#1333 = FACE_BOUND('',#1334,.T.);
#1334 = EDGE_LOOP('',(#1335));
#1335 = ORIENTED_EDGE('',*,*,#1319,.T.);
#1336 = PLANE('',#1337);
#1337 = AXIS2_PLACEMENT_3D('',#1338,#1339,#1340);
#1338 = CARTESIAN_POINT('',(4.73,0.,-3.));
#1339 = DIRECTION('',(0.,0.,1.));
#1340 = DIRECTION('',(1.,0.,-0.));
#1341 = ( GEOMETRIC_REPRESENTATION_CONTEXT(3) 
GLOBAL_UNCERTAINTY_ASSIGNED_CONTEXT((#1345)) 
GLOBAL_UNIT_ASSIGNED_CONTEXT((#1342,#1343,#1344)) REPRESENTATION_CONTEXT
('Context #1','3D Context with UNIT and UNCERTAINTY') );
#1342 = ( LENGTH_UNIT() NAMED_UNIT(*) SI_UNIT(.MILLI.,.METRE.) );
#1343 = ( NAMED_UNIT(*) PLANE_ANGLE_UNIT() SI_UNIT($,.RADIAN.) );
#1344 = ( NAMED_UNIT(*) SI_UNIT($,.STERADIAN.) SOLID_ANGLE_UNIT() );
#1345 = UNCERTAINTY_MEASURE_WITH_UNIT(LENGTH_MEASURE(1.E-07),#1342,
  'distance_accuracy_value','confusion accuracy');
#1346 = CONTEXT_DEPENDENT_SHAPE_REPRESENTATION(#1347,#1349);
#1347 = ( REPRESENTATION_RELATIONSHIP('','',#953,#930) 
REPRESENTATION_RELATIONSHIP_WITH_TRANSFORMATION(#1348) 
SHAPE_REPRESENTATION_RELATIONSHIP() );
#1348 = ITEM_DEFINED_TRANSFORMATION('','',#11,#931);
#1349 = PRODUCT_DEFINITION_SHAPE('Placement','Placement of an item',
  #1350);
#1350 = NEXT_ASSEMBLY_USAGE_OCCURRENCE('8','=>[0:1:1:7]','',#925,#948,$
  );
#1351 = PRODUCT_RELATED_PRODUCT_CATEGORY('part',$,(#950));
#1352 = SHAPE_DEFINITION_REPRESENTATION(#1353,#1359);
#1353 = PRODUCT_DEFINITION_SHAPE('','',#1354);
#1354 = PRODUCT_DEFINITION('design','',#1355,#1358);
#1355 = PRODUCT_DEFINITION_FORMATION('','',#1356);
#1356 = PRODUCT('yo-37B0_PCB','yo-37B0_PCB','',(#1357));
#1357 = PRODUCT_CONTEXT('',#2,'mechanical');
#1358 = PRODUCT_DEFINITION_CONTEXT('part definition',#2,'design');
#1359 = ADVANCED_BREP_SHAPE_REPRESENTATION('',(#11,#1360),#4075);
#1360 = MANIFOLD_SOLID_BREP('',#1361);
#1361 = CLOSED_SHELL('',(#1362,#1404,#1435,#1466,#2195,#2924,#2941,#2958
    ,#2975,#2992,#3004,#3021,#3038,#3055,#3072,#3089,#3106,#3123,#3140,
    #3157,#3174,#3191,#3208,#3225,#3242,#3259,#3276,#3293,#3310,#3327,
    #3344,#3361,#3378,#3395,#3412,#3429,#3446,#3463,#3480,#3502,#3519,
    #3536,#3548,#3565,#3582,#3599,#3616,#3633,#3650,#3667,#3684,#3701,
    #3718,#3735,#3752,#3769,#3786,#3803,#3820,#3837,#3854,#3871,#3888,
    #3905,#3922,#3939,#3956,#3973,#3990,#4007,#4029,#4046,#4063));
#1362 = ADVANCED_FACE('',(#1363),#1399,.T.);
#1363 = FACE_BOUND('',#1364,.T.);
#1364 = EDGE_LOOP('',(#1365,#1375,#1384,#1392));
#1365 = ORIENTED_EDGE('',*,*,#1366,.T.);
#1366 = EDGE_CURVE('',#1367,#1369,#1371,.T.);
#1367 = VERTEX_POINT('',#1368);
#1368 = CARTESIAN_POINT('',(191.5,-81.,0.));
#1369 = VERTEX_POINT('',#1370);
#1370 = CARTESIAN_POINT('',(191.5,-81.,1.51));
#1371 = LINE('',#1372,#1373);
#1372 = CARTESIAN_POINT('',(191.5,-81.,0.));
#1373 = VECTOR('',#1374,1.);
#1374 = DIRECTION('',(0.,0.,1.));
#1375 = ORIENTED_EDGE('',*,*,#1376,.T.);
#1376 = EDGE_CURVE('',#1369,#1377,#1379,.T.);
#1377 = VERTEX_POINT('',#1378);
#1378 = CARTESIAN_POINT('',(193.5,-83.,1.51));
#1379 = CIRCLE('',#1380,1.99999850585);
#1380 = AXIS2_PLACEMENT_3D('',#1381,#1382,#1383);
#1381 = CARTESIAN_POINT('',(191.50000149415,-82.99999850585,1.51));
#1382 = DIRECTION('',(0.,0.,-1.));
#1383 = DIRECTION('',(-7.470757349539E-07,1.,0.));
#1384 = ORIENTED_EDGE('',*,*,#1385,.F.);
#1385 = EDGE_CURVE('',#1386,#1377,#1388,.T.);
#1386 = VERTEX_POINT('',#1387);
#1387 = CARTESIAN_POINT('',(193.5,-83.,0.));
#1388 = LINE('',#1389,#1390);
#1389 = CARTESIAN_POINT('',(193.5,-83.,0.));
#1390 = VECTOR('',#1391,1.);
#1391 = DIRECTION('',(0.,0.,1.));
#1392 = ORIENTED_EDGE('',*,*,#1393,.F.);
#1393 = EDGE_CURVE('',#1367,#1386,#1394,.T.);
#1394 = CIRCLE('',#1395,1.99999850585);
#1395 = AXIS2_PLACEMENT_3D('',#1396,#1397,#1398);
#1396 = CARTESIAN_POINT('',(191.50000149415,-82.99999850585,0.));
#1397 = DIRECTION('',(0.,0.,-1.));
#1398 = DIRECTION('',(-7.470757349539E-07,1.,0.));
#1399 = CYLINDRICAL_SURFACE('',#1400,1.99999850585);
#1400 = AXIS2_PLACEMENT_3D('',#1401,#1402,#1403);
#1401 = CARTESIAN_POINT('',(191.50000149415,-82.99999850585,0.));
#1402 = DIRECTION('',(0.,0.,-1.));
#1403 = DIRECTION('',(-7.470757349539E-07,1.,0.));
#1404 = ADVANCED_FACE('',(#1405),#1430,.T.);
#1405 = FACE_BOUND('',#1406,.T.);
#1406 = EDGE_LOOP('',(#1407,#1417,#1423,#1424));
#1407 = ORIENTED_EDGE('',*,*,#1408,.T.);
#1408 = EDGE_CURVE('',#1409,#1411,#1413,.T.);
#1409 = VERTEX_POINT('',#1410);
#1410 = CARTESIAN_POINT('',(116.,-81.,0.));
#1411 = VERTEX_POINT('',#1412);
#1412 = CARTESIAN_POINT('',(116.,-81.,1.51));
#1413 = LINE('',#1414,#1415);
#1414 = CARTESIAN_POINT('',(116.,-81.,0.));
#1415 = VECTOR('',#1416,1.);
#1416 = DIRECTION('',(0.,0.,1.));
#1417 = ORIENTED_EDGE('',*,*,#1418,.T.);
#1418 = EDGE_CURVE('',#1411,#1369,#1419,.T.);
#1419 = LINE('',#1420,#1421);
#1420 = CARTESIAN_POINT('',(116.,-81.,1.51));
#1421 = VECTOR('',#1422,1.);
#1422 = DIRECTION('',(1.,0.,0.));
#1423 = ORIENTED_EDGE('',*,*,#1366,.F.);
#1424 = ORIENTED_EDGE('',*,*,#1425,.F.);
#1425 = EDGE_CURVE('',#1409,#1367,#1426,.T.);
#1426 = LINE('',#1427,#1428);
#1427 = CARTESIAN_POINT('',(116.,-81.,0.));
#1428 = VECTOR('',#1429,1.);
#1429 = DIRECTION('',(1.,0.,0.));
#1430 = PLANE('',#1431);
#1431 = AXIS2_PLACEMENT_3D('',#1432,#1433,#1434);
#1432 = CARTESIAN_POINT('',(116.,-81.,0.));
#1433 = DIRECTION('',(0.,1.,0.));
#1434 = DIRECTION('',(1.,0.,0.));
#1435 = ADVANCED_FACE('',(#1436),#1461,.T.);
#1436 = FACE_BOUND('',#1437,.T.);
#1437 = EDGE_LOOP('',(#1438,#1439,#1447,#1455));
#1438 = ORIENTED_EDGE('',*,*,#1385,.T.);
#1439 = ORIENTED_EDGE('',*,*,#1440,.T.);
#1440 = EDGE_CURVE('',#1377,#1441,#1443,.T.);
#1441 = VERTEX_POINT('',#1442);
#1442 = CARTESIAN_POINT('',(193.5,-134.,1.51));
#1443 = LINE('',#1444,#1445);
#1444 = CARTESIAN_POINT('',(193.5,-83.,1.51));
#1445 = VECTOR('',#1446,1.);
#1446 = DIRECTION('',(0.,-1.,0.));
#1447 = ORIENTED_EDGE('',*,*,#1448,.F.);
#1448 = EDGE_CURVE('',#1449,#1441,#1451,.T.);
#1449 = VERTEX_POINT('',#1450);
#1450 = CARTESIAN_POINT('',(193.5,-134.,0.));
#1451 = LINE('',#1452,#1453);
#1452 = CARTESIAN_POINT('',(193.5,-134.,0.));
#1453 = VECTOR('',#1454,1.);
#1454 = DIRECTION('',(0.,0.,1.));
#1455 = ORIENTED_EDGE('',*,*,#1456,.F.);
#1456 = EDGE_CURVE('',#1386,#1449,#1457,.T.);
#1457 = LINE('',#1458,#1459);
#1458 = CARTESIAN_POINT('',(193.5,-83.,0.));
#1459 = VECTOR('',#1460,1.);
#1460 = DIRECTION('',(0.,-1.,0.));
#1461 = PLANE('',#1462);
#1462 = AXIS2_PLACEMENT_3D('',#1463,#1464,#1465);
#1463 = CARTESIAN_POINT('',(193.5,-83.,0.));
#1464 = DIRECTION('',(1.,0.,-0.));
#1465 = DIRECTION('',(0.,-1.,0.));
#1466 = ADVANCED_FACE('',(#1467,#1513,#1524,#1535,#1546,#1557,#1568,
    #1579,#1590,#1601,#1612,#1623,#1634,#1645,#1656,#1667,#1678,#1689,
    #1700,#1711,#1722,#1733,#1744,#1755,#1766,#1777,#1788,#1799,#1810,
    #1821,#1857,#1868,#1879,#1890,#1901,#1912,#1923,#1934,#1945,#1956,
    #1967,#1978,#1989,#2000,#2011,#2022,#2033,#2044,#2055,#2066,#2077,
    #2088,#2099,#2110,#2121,#2132,#2143,#2154),#2190,.F.);
#1467 = FACE_BOUND('',#1468,.F.);
#1468 = EDGE_LOOP('',(#1469,#1470,#1471,#1480,#1488,#1497,#1505,#1512));
#1469 = ORIENTED_EDGE('',*,*,#1393,.F.);
#1470 = ORIENTED_EDGE('',*,*,#1425,.F.);
#1471 = ORIENTED_EDGE('',*,*,#1472,.F.);
#1472 = EDGE_CURVE('',#1473,#1409,#1475,.T.);
#1473 = VERTEX_POINT('',#1474);
#1474 = CARTESIAN_POINT('',(114.,-83.,0.));
#1475 = CIRCLE('',#1476,1.99999850585);
#1476 = AXIS2_PLACEMENT_3D('',#1477,#1478,#1479);
#1477 = CARTESIAN_POINT('',(115.99999850585,-82.99999850585,0.));
#1478 = DIRECTION('',(0.,0.,-1.));
#1479 = DIRECTION('',(-1.,-7.470757491648E-07,-0.));
#1480 = ORIENTED_EDGE('',*,*,#1481,.F.);
#1481 = EDGE_CURVE('',#1482,#1473,#1484,.T.);
#1482 = VERTEX_POINT('',#1483);
#1483 = CARTESIAN_POINT('',(114.,-134.,0.));
#1484 = LINE('',#1485,#1486);
#1485 = CARTESIAN_POINT('',(114.,-134.,0.));
#1486 = VECTOR('',#1487,1.);
#1487 = DIRECTION('',(0.,1.,0.));
#1488 = ORIENTED_EDGE('',*,*,#1489,.F.);
#1489 = EDGE_CURVE('',#1490,#1482,#1492,.T.);
#1490 = VERTEX_POINT('',#1491);
#1491 = CARTESIAN_POINT('',(116.,-136.,0.));
#1492 = CIRCLE('',#1493,1.99999850585);
#1493 = AXIS2_PLACEMENT_3D('',#1494,#1495,#1496);
#1494 = CARTESIAN_POINT('',(115.99999850585,-134.0000014941,0.));
#1495 = DIRECTION('',(0.,0.,-1.));
#1496 = DIRECTION('',(7.470757349539E-07,-1.,0.));
#1497 = ORIENTED_EDGE('',*,*,#1498,.F.);
#1498 = EDGE_CURVE('',#1499,#1490,#1501,.T.);
#1499 = VERTEX_POINT('',#1500);
#1500 = CARTESIAN_POINT('',(191.5,-136.,0.));
#1501 = LINE('',#1502,#1503);
#1502 = CARTESIAN_POINT('',(191.5,-136.,0.));
#1503 = VECTOR('',#1504,1.);
#1504 = DIRECTION('',(-1.,0.,0.));
#1505 = ORIENTED_EDGE('',*,*,#1506,.F.);
#1506 = EDGE_CURVE('',#1449,#1499,#1507,.T.);
#1507 = CIRCLE('',#1508,1.99999850585);
#1508 = AXIS2_PLACEMENT_3D('',#1509,#1510,#1511);
#1509 = CARTESIAN_POINT('',(191.50000149415,-134.0000014941,0.));
#1510 = DIRECTION('',(0.,0.,-1.));
#1511 = DIRECTION('',(1.,7.47075720743E-07,0.));
#1512 = ORIENTED_EDGE('',*,*,#1456,.F.);
#1513 = FACE_BOUND('',#1514,.F.);
#1514 = EDGE_LOOP('',(#1515));
#1515 = ORIENTED_EDGE('',*,*,#1516,.T.);
#1516 = EDGE_CURVE('',#1517,#1517,#1519,.T.);
#1517 = VERTEX_POINT('',#1518);
#1518 = CARTESIAN_POINT('',(119.,-129.71,0.));
#1519 = CIRCLE('',#1520,0.4);
#1520 = AXIS2_PLACEMENT_3D('',#1521,#1522,#1523);
#1521 = CARTESIAN_POINT('',(119.,-129.31,0.));
#1522 = DIRECTION('',(-0.,0.,-1.));
#1523 = DIRECTION('',(-0.,-1.,0.));
#1524 = FACE_BOUND('',#1525,.F.);
#1525 = EDGE_LOOP('',(#1526));
#1526 = ORIENTED_EDGE('',*,*,#1527,.T.);
#1527 = EDGE_CURVE('',#1528,#1528,#1530,.T.);
#1528 = VERTEX_POINT('',#1529);
#1529 = CARTESIAN_POINT('',(122.5,-129.71,0.));
#1530 = CIRCLE('',#1531,0.4);
#1531 = AXIS2_PLACEMENT_3D('',#1532,#1533,#1534);
#1532 = CARTESIAN_POINT('',(122.5,-129.31,0.));
#1533 = DIRECTION('',(-0.,0.,-1.));
#1534 = DIRECTION('',(-0.,-1.,0.));
#1535 = FACE_BOUND('',#1536,.F.);
#1536 = EDGE_LOOP('',(#1537));
#1537 = ORIENTED_EDGE('',*,*,#1538,.T.);
#1538 = EDGE_CURVE('',#1539,#1539,#1541,.T.);
#1539 = VERTEX_POINT('',#1540);
#1540 = CARTESIAN_POINT('',(126.,-129.71,0.));
#1541 = CIRCLE('',#1542,0.4);
#1542 = AXIS2_PLACEMENT_3D('',#1543,#1544,#1545);
#1543 = CARTESIAN_POINT('',(126.,-129.31,0.));
#1544 = DIRECTION('',(-0.,0.,-1.));
#1545 = DIRECTION('',(-0.,-1.,0.));
#1546 = FACE_BOUND('',#1547,.F.);
#1547 = EDGE_LOOP('',(#1548));
#1548 = ORIENTED_EDGE('',*,*,#1549,.T.);
#1549 = EDGE_CURVE('',#1550,#1550,#1552,.T.);
#1550 = VERTEX_POINT('',#1551);
#1551 = CARTESIAN_POINT('',(130.,-129.71,0.));
#1552 = CIRCLE('',#1553,0.4);
#1553 = AXIS2_PLACEMENT_3D('',#1554,#1555,#1556);
#1554 = CARTESIAN_POINT('',(130.,-129.31,0.));
#1555 = DIRECTION('',(-0.,0.,-1.));
#1556 = DIRECTION('',(-0.,-1.,0.));
#1557 = FACE_BOUND('',#1558,.F.);
#1558 = EDGE_LOOP('',(#1559));
#1559 = ORIENTED_EDGE('',*,*,#1560,.T.);
#1560 = EDGE_CURVE('',#1561,#1561,#1563,.T.);
#1561 = VERTEX_POINT('',#1562);
#1562 = CARTESIAN_POINT('',(119.,-122.09,0.));
#1563 = CIRCLE('',#1564,0.4);
#1564 = AXIS2_PLACEMENT_3D('',#1565,#1566,#1567);
#1565 = CARTESIAN_POINT('',(119.,-121.69,0.));
#1566 = DIRECTION('',(-0.,0.,-1.));
#1567 = DIRECTION('',(-0.,-1.,0.));
#1568 = FACE_BOUND('',#1569,.F.);
#1569 = EDGE_LOOP('',(#1570));
#1570 = ORIENTED_EDGE('',*,*,#1571,.T.);
#1571 = EDGE_CURVE('',#1572,#1572,#1574,.T.);
#1572 = VERTEX_POINT('',#1573);
#1573 = CARTESIAN_POINT('',(122.5,-122.09,0.));
#1574 = CIRCLE('',#1575,0.4);
#1575 = AXIS2_PLACEMENT_3D('',#1576,#1577,#1578);
#1576 = CARTESIAN_POINT('',(122.5,-121.69,0.));
#1577 = DIRECTION('',(-0.,0.,-1.));
#1578 = DIRECTION('',(-0.,-1.,0.));
#1579 = FACE_BOUND('',#1580,.F.);
#1580 = EDGE_LOOP('',(#1581));
#1581 = ORIENTED_EDGE('',*,*,#1582,.T.);
#1582 = EDGE_CURVE('',#1583,#1583,#1585,.T.);
#1583 = VERTEX_POINT('',#1584);
#1584 = CARTESIAN_POINT('',(126.,-122.09,0.));
#1585 = CIRCLE('',#1586,0.4);
#1586 = AXIS2_PLACEMENT_3D('',#1587,#1588,#1589);
#1587 = CARTESIAN_POINT('',(126.,-121.69,0.));
#1588 = DIRECTION('',(-0.,0.,-1.));
#1589 = DIRECTION('',(-0.,-1.,0.));
#1590 = FACE_BOUND('',#1591,.F.);
#1591 = EDGE_LOOP('',(#1592));
#1592 = ORIENTED_EDGE('',*,*,#1593,.T.);
#1593 = EDGE_CURVE('',#1594,#1594,#1596,.T.);
#1594 = VERTEX_POINT('',#1595);
#1595 = CARTESIAN_POINT('',(130.,-122.09,0.));
#1596 = CIRCLE('',#1597,0.4);
#1597 = AXIS2_PLACEMENT_3D('',#1598,#1599,#1600);
#1598 = CARTESIAN_POINT('',(130.,-121.69,0.));
#1599 = DIRECTION('',(-0.,0.,-1.));
#1600 = DIRECTION('',(-0.,-1.,0.));
#1601 = FACE_BOUND('',#1602,.F.);
#1602 = EDGE_LOOP('',(#1603));
#1603 = ORIENTED_EDGE('',*,*,#1604,.T.);
#1604 = EDGE_CURVE('',#1605,#1605,#1607,.T.);
#1605 = VERTEX_POINT('',#1606);
#1606 = CARTESIAN_POINT('',(137.38,-125.93,0.));
#1607 = CIRCLE('',#1608,0.85);
#1608 = AXIS2_PLACEMENT_3D('',#1609,#1610,#1611);
#1609 = CARTESIAN_POINT('',(137.38,-125.08,0.));
#1610 = DIRECTION('',(-0.,0.,-1.));
#1611 = DIRECTION('',(-0.,-1.,0.));
#1612 = FACE_BOUND('',#1613,.F.);
#1613 = EDGE_LOOP('',(#1614));
#1614 = ORIENTED_EDGE('',*,*,#1615,.T.);
#1615 = EDGE_CURVE('',#1616,#1616,#1618,.T.);
#1616 = VERTEX_POINT('',#1617);
#1617 = CARTESIAN_POINT('',(142.46,-127.08,0.));
#1618 = CIRCLE('',#1619,2.);
#1619 = AXIS2_PLACEMENT_3D('',#1620,#1621,#1622);
#1620 = CARTESIAN_POINT('',(142.46,-125.08,0.));
#1621 = DIRECTION('',(-0.,0.,-1.));
#1622 = DIRECTION('',(-0.,-1.,0.));
#1623 = FACE_BOUND('',#1624,.F.);
#1624 = EDGE_LOOP('',(#1625));
#1625 = ORIENTED_EDGE('',*,*,#1626,.T.);
#1626 = EDGE_CURVE('',#1627,#1627,#1629,.T.);
#1627 = VERTEX_POINT('',#1628);
#1628 = CARTESIAN_POINT('',(147.54,-125.93,0.));
#1629 = CIRCLE('',#1630,0.85);
#1630 = AXIS2_PLACEMENT_3D('',#1631,#1632,#1633);
#1631 = CARTESIAN_POINT('',(147.54,-125.08,0.));
#1632 = DIRECTION('',(-0.,0.,-1.));
#1633 = DIRECTION('',(-0.,-1.,0.));
#1634 = FACE_BOUND('',#1635,.F.);
#1635 = EDGE_LOOP('',(#1636));
#1636 = ORIENTED_EDGE('',*,*,#1637,.T.);
#1637 = EDGE_CURVE('',#1638,#1638,#1640,.T.);
#1638 = VERTEX_POINT('',#1639);
#1639 = CARTESIAN_POINT('',(138.65,-123.29,0.));
#1640 = CIRCLE('',#1641,0.75);
#1641 = AXIS2_PLACEMENT_3D('',#1642,#1643,#1644);
#1642 = CARTESIAN_POINT('',(138.65,-122.54,0.));
#1643 = DIRECTION('',(-0.,0.,-1.));
#1644 = DIRECTION('',(-0.,-1.,0.));
#1645 = FACE_BOUND('',#1646,.F.);
#1646 = EDGE_LOOP('',(#1647));
#1647 = ORIENTED_EDGE('',*,*,#1648,.T.);
#1648 = EDGE_CURVE('',#1649,#1649,#1651,.T.);
#1649 = VERTEX_POINT('',#1650);
#1650 = CARTESIAN_POINT('',(145.,-120.75,0.));
#1651 = CIRCLE('',#1652,0.75);
#1652 = AXIS2_PLACEMENT_3D('',#1653,#1654,#1655);
#1653 = CARTESIAN_POINT('',(145.,-120.,0.));
#1654 = DIRECTION('',(-0.,0.,-1.));
#1655 = DIRECTION('',(-0.,-1.,0.));
#1656 = FACE_BOUND('',#1657,.F.);
#1657 = EDGE_LOOP('',(#1658));
#1658 = ORIENTED_EDGE('',*,*,#1659,.T.);
#1659 = EDGE_CURVE('',#1660,#1660,#1662,.T.);
#1660 = VERTEX_POINT('',#1661);
#1661 = CARTESIAN_POINT('',(118.23,-107.845,0.));
#1662 = CIRCLE('',#1663,0.45);
#1663 = AXIS2_PLACEMENT_3D('',#1664,#1665,#1666);
#1664 = CARTESIAN_POINT('',(118.23,-107.395,0.));
#1665 = DIRECTION('',(-0.,0.,-1.));
#1666 = DIRECTION('',(-0.,-1.,0.));
#1667 = FACE_BOUND('',#1668,.F.);
#1668 = EDGE_LOOP('',(#1669));
#1669 = ORIENTED_EDGE('',*,*,#1670,.T.);
#1670 = EDGE_CURVE('',#1671,#1671,#1673,.T.);
#1671 = VERTEX_POINT('',#1672);
#1672 = CARTESIAN_POINT('',(120.77,-107.845,0.));
#1673 = CIRCLE('',#1674,0.45);
#1674 = AXIS2_PLACEMENT_3D('',#1675,#1676,#1677);
#1675 = CARTESIAN_POINT('',(120.77,-107.395,0.));
#1676 = DIRECTION('',(-0.,0.,-1.));
#1677 = DIRECTION('',(-0.,-1.,0.));
#1678 = FACE_BOUND('',#1679,.F.);
#1679 = EDGE_LOOP('',(#1680));
#1680 = ORIENTED_EDGE('',*,*,#1681,.T.);
#1681 = EDGE_CURVE('',#1682,#1682,#1684,.T.);
#1682 = VERTEX_POINT('',#1683);
#1683 = CARTESIAN_POINT('',(128.5,-112.4,0.));
#1684 = CIRCLE('',#1685,0.4);
#1685 = AXIS2_PLACEMENT_3D('',#1686,#1687,#1688);
#1686 = CARTESIAN_POINT('',(128.5,-112.,0.));
#1687 = DIRECTION('',(-0.,0.,-1.));
#1688 = DIRECTION('',(-0.,-1.,0.));
#1689 = FACE_BOUND('',#1690,.F.);
#1690 = EDGE_LOOP('',(#1691));
#1691 = ORIENTED_EDGE('',*,*,#1692,.T.);
#1692 = EDGE_CURVE('',#1693,#1693,#1695,.T.);
#1693 = VERTEX_POINT('',#1694);
#1694 = CARTESIAN_POINT('',(128.5,-107.32,0.));
#1695 = CIRCLE('',#1696,0.4);
#1696 = AXIS2_PLACEMENT_3D('',#1697,#1698,#1699);
#1697 = CARTESIAN_POINT('',(128.5,-106.92,0.));
#1698 = DIRECTION('',(-0.,0.,-1.));
#1699 = DIRECTION('',(-0.,-1.,0.));
#1700 = FACE_BOUND('',#1701,.F.);
#1701 = EDGE_LOOP('',(#1702));
#1702 = ORIENTED_EDGE('',*,*,#1703,.T.);
#1703 = EDGE_CURVE('',#1704,#1704,#1706,.T.);
#1704 = VERTEX_POINT('',#1705);
#1705 = CARTESIAN_POINT('',(157.38,-125.93,0.));
#1706 = CIRCLE('',#1707,0.85);
#1707 = AXIS2_PLACEMENT_3D('',#1708,#1709,#1710);
#1708 = CARTESIAN_POINT('',(157.38,-125.08,0.));
#1709 = DIRECTION('',(-0.,0.,-1.));
#1710 = DIRECTION('',(-0.,-1.,0.));
#1711 = FACE_BOUND('',#1712,.F.);
#1712 = EDGE_LOOP('',(#1713));
#1713 = ORIENTED_EDGE('',*,*,#1714,.T.);
#1714 = EDGE_CURVE('',#1715,#1715,#1717,.T.);
#1715 = VERTEX_POINT('',#1716);
#1716 = CARTESIAN_POINT('',(162.46,-127.08,0.));
#1717 = CIRCLE('',#1718,2.);
#1718 = AXIS2_PLACEMENT_3D('',#1719,#1720,#1721);
#1719 = CARTESIAN_POINT('',(162.46,-125.08,0.));
#1720 = DIRECTION('',(-0.,0.,-1.));
#1721 = DIRECTION('',(-0.,-1.,0.));
#1722 = FACE_BOUND('',#1723,.F.);
#1723 = EDGE_LOOP('',(#1724));
#1724 = ORIENTED_EDGE('',*,*,#1725,.T.);
#1725 = EDGE_CURVE('',#1726,#1726,#1728,.T.);
#1726 = VERTEX_POINT('',#1727);
#1727 = CARTESIAN_POINT('',(167.54,-125.93,0.));
#1728 = CIRCLE('',#1729,0.85);
#1729 = AXIS2_PLACEMENT_3D('',#1730,#1731,#1732);
#1730 = CARTESIAN_POINT('',(167.54,-125.08,0.));
#1731 = DIRECTION('',(-0.,0.,-1.));
#1732 = DIRECTION('',(-0.,-1.,0.));
#1733 = FACE_BOUND('',#1734,.F.);
#1734 = EDGE_LOOP('',(#1735));
#1735 = ORIENTED_EDGE('',*,*,#1736,.T.);
#1736 = EDGE_CURVE('',#1737,#1737,#1739,.T.);
#1737 = VERTEX_POINT('',#1738);
#1738 = CARTESIAN_POINT('',(158.65,-123.29,0.));
#1739 = CIRCLE('',#1740,0.75);
#1740 = AXIS2_PLACEMENT_3D('',#1741,#1742,#1743);
#1741 = CARTESIAN_POINT('',(158.65,-122.54,0.));
#1742 = DIRECTION('',(-0.,0.,-1.));
#1743 = DIRECTION('',(-0.,-1.,0.));
#1744 = FACE_BOUND('',#1745,.F.);
#1745 = EDGE_LOOP('',(#1746));
#1746 = ORIENTED_EDGE('',*,*,#1747,.T.);
#1747 = EDGE_CURVE('',#1748,#1748,#1750,.T.);
#1748 = VERTEX_POINT('',#1749);
#1749 = CARTESIAN_POINT('',(165.,-120.75,0.));
#1750 = CIRCLE('',#1751,0.75);
#1751 = AXIS2_PLACEMENT_3D('',#1752,#1753,#1754);
#1752 = CARTESIAN_POINT('',(165.,-120.,0.));
#1753 = DIRECTION('',(-0.,0.,-1.));
#1754 = DIRECTION('',(-0.,-1.,0.));
#1755 = FACE_BOUND('',#1756,.F.);
#1756 = EDGE_LOOP('',(#1757));
#1757 = ORIENTED_EDGE('',*,*,#1758,.T.);
#1758 = EDGE_CURVE('',#1759,#1759,#1761,.T.);
#1759 = VERTEX_POINT('',#1760);
#1760 = CARTESIAN_POINT('',(177.38,-125.93,0.));
#1761 = CIRCLE('',#1762,0.85);
#1762 = AXIS2_PLACEMENT_3D('',#1763,#1764,#1765);
#1763 = CARTESIAN_POINT('',(177.38,-125.08,0.));
#1764 = DIRECTION('',(-0.,0.,-1.));
#1765 = DIRECTION('',(-0.,-1.,0.));
#1766 = FACE_BOUND('',#1767,.F.);
#1767 = EDGE_LOOP('',(#1768));
#1768 = ORIENTED_EDGE('',*,*,#1769,.T.);
#1769 = EDGE_CURVE('',#1770,#1770,#1772,.T.);
#1770 = VERTEX_POINT('',#1771);
#1771 = CARTESIAN_POINT('',(182.46,-127.08,0.));
#1772 = CIRCLE('',#1773,2.);
#1773 = AXIS2_PLACEMENT_3D('',#1774,#1775,#1776);
#1774 = CARTESIAN_POINT('',(182.46,-125.08,0.));
#1775 = DIRECTION('',(-0.,0.,-1.));
#1776 = DIRECTION('',(-0.,-1.,0.));
#1777 = FACE_BOUND('',#1778,.F.);
#1778 = EDGE_LOOP('',(#1779));
#1779 = ORIENTED_EDGE('',*,*,#1780,.T.);
#1780 = EDGE_CURVE('',#1781,#1781,#1783,.T.);
#1781 = VERTEX_POINT('',#1782);
#1782 = CARTESIAN_POINT('',(187.54,-125.93,0.));
#1783 = CIRCLE('',#1784,0.85);
#1784 = AXIS2_PLACEMENT_3D('',#1785,#1786,#1787);
#1785 = CARTESIAN_POINT('',(187.54,-125.08,0.));
#1786 = DIRECTION('',(-0.,0.,-1.));
#1787 = DIRECTION('',(-0.,-1.,0.));
#1788 = FACE_BOUND('',#1789,.F.);
#1789 = EDGE_LOOP('',(#1790));
#1790 = ORIENTED_EDGE('',*,*,#1791,.T.);
#1791 = EDGE_CURVE('',#1792,#1792,#1794,.T.);
#1792 = VERTEX_POINT('',#1793);
#1793 = CARTESIAN_POINT('',(178.65,-123.29,0.));
#1794 = CIRCLE('',#1795,0.75);
#1795 = AXIS2_PLACEMENT_3D('',#1796,#1797,#1798);
#1796 = CARTESIAN_POINT('',(178.65,-122.54,0.));
#1797 = DIRECTION('',(-0.,0.,-1.));
#1798 = DIRECTION('',(-0.,-1.,0.));
#1799 = FACE_BOUND('',#1800,.F.);
#1800 = EDGE_LOOP('',(#1801));
#1801 = ORIENTED_EDGE('',*,*,#1802,.T.);
#1802 = EDGE_CURVE('',#1803,#1803,#1805,.T.);
#1803 = VERTEX_POINT('',#1804);
#1804 = CARTESIAN_POINT('',(185.,-120.75,0.));
#1805 = CIRCLE('',#1806,0.75);
#1806 = AXIS2_PLACEMENT_3D('',#1807,#1808,#1809);
#1807 = CARTESIAN_POINT('',(185.,-120.,0.));
#1808 = DIRECTION('',(-0.,0.,-1.));
#1809 = DIRECTION('',(-0.,-1.,0.));
#1810 = FACE_BOUND('',#1811,.F.);
#1811 = EDGE_LOOP('',(#1812));
#1812 = ORIENTED_EDGE('',*,*,#1813,.T.);
#1813 = EDGE_CURVE('',#1814,#1814,#1816,.T.);
#1814 = VERTEX_POINT('',#1815);
#1815 = CARTESIAN_POINT('',(175.5,-108.,0.));
#1816 = CIRCLE('',#1817,0.5);
#1817 = AXIS2_PLACEMENT_3D('',#1818,#1819,#1820);
#1818 = CARTESIAN_POINT('',(175.5,-107.5,0.));
#1819 = DIRECTION('',(-0.,0.,-1.));
#1820 = DIRECTION('',(-0.,-1.,0.));
#1821 = FACE_BOUND('',#1822,.F.);
#1822 = EDGE_LOOP('',(#1823,#1834,#1842,#1851));
#1823 = ORIENTED_EDGE('',*,*,#1824,.T.);
#1824 = EDGE_CURVE('',#1825,#1827,#1829,.T.);
#1825 = VERTEX_POINT('',#1826);
#1826 = CARTESIAN_POINT('',(183.65,-109.85,0.));
#1827 = VERTEX_POINT('',#1828);
#1828 = CARTESIAN_POINT('',(183.65,-111.35,0.));
#1829 = CIRCLE('',#1830,0.75);
#1830 = AXIS2_PLACEMENT_3D('',#1831,#1832,#1833);
#1831 = CARTESIAN_POINT('',(183.65,-110.6,0.));
#1832 = DIRECTION('',(-0.,0.,-1.));
#1833 = DIRECTION('',(-0.,-1.,0.));
#1834 = ORIENTED_EDGE('',*,*,#1835,.T.);
#1835 = EDGE_CURVE('',#1827,#1836,#1838,.T.);
#1836 = VERTEX_POINT('',#1837);
#1837 = CARTESIAN_POINT('',(182.35,-111.35,0.));
#1838 = LINE('',#1839,#1840);
#1839 = CARTESIAN_POINT('',(91.175,-111.35,0.));
#1840 = VECTOR('',#1841,1.);
#1841 = DIRECTION('',(-1.,0.,0.));
#1842 = ORIENTED_EDGE('',*,*,#1843,.T.);
#1843 = EDGE_CURVE('',#1836,#1844,#1846,.T.);
#1844 = VERTEX_POINT('',#1845);
#1845 = CARTESIAN_POINT('',(182.35,-109.85,0.));
#1846 = CIRCLE('',#1847,0.75);
#1847 = AXIS2_PLACEMENT_3D('',#1848,#1849,#1850);
#1848 = CARTESIAN_POINT('',(182.35,-110.6,0.));
#1849 = DIRECTION('',(-0.,0.,-1.));
#1850 = DIRECTION('',(0.,1.,0.));
#1851 = ORIENTED_EDGE('',*,*,#1852,.T.);
#1852 = EDGE_CURVE('',#1844,#1825,#1853,.T.);
#1853 = LINE('',#1854,#1855);
#1854 = CARTESIAN_POINT('',(91.825,-109.85,0.));
#1855 = VECTOR('',#1856,1.);
#1856 = DIRECTION('',(1.,0.,-0.));
#1857 = FACE_BOUND('',#1858,.F.);
#1858 = EDGE_LOOP('',(#1859));
#1859 = ORIENTED_EDGE('',*,*,#1860,.T.);
#1860 = EDGE_CURVE('',#1861,#1861,#1863,.T.);
#1861 = VERTEX_POINT('',#1862);
#1862 = CARTESIAN_POINT('',(190.,-108.,0.));
#1863 = CIRCLE('',#1864,0.5);
#1864 = AXIS2_PLACEMENT_3D('',#1865,#1866,#1867);
#1865 = CARTESIAN_POINT('',(190.,-107.5,0.));
#1866 = DIRECTION('',(-0.,0.,-1.));
#1867 = DIRECTION('',(-0.,-1.,0.));
#1868 = FACE_BOUND('',#1869,.F.);
#1869 = EDGE_LOOP('',(#1870));
#1870 = ORIENTED_EDGE('',*,*,#1871,.T.);
#1871 = EDGE_CURVE('',#1872,#1872,#1874,.T.);
#1872 = VERTEX_POINT('',#1873);
#1873 = CARTESIAN_POINT('',(122.375,-100.12,0.));
#1874 = CIRCLE('',#1875,0.5);
#1875 = AXIS2_PLACEMENT_3D('',#1876,#1877,#1878);
#1876 = CARTESIAN_POINT('',(122.375,-99.62,0.));
#1877 = DIRECTION('',(-0.,0.,-1.));
#1878 = DIRECTION('',(-0.,-1.,0.));
#1879 = FACE_BOUND('',#1880,.F.);
#1880 = EDGE_LOOP('',(#1881));
#1881 = ORIENTED_EDGE('',*,*,#1882,.T.);
#1882 = EDGE_CURVE('',#1883,#1883,#1885,.T.);
#1883 = VERTEX_POINT('',#1884);
#1884 = CARTESIAN_POINT('',(122.375,-97.58,0.));
#1885 = CIRCLE('',#1886,0.5);
#1886 = AXIS2_PLACEMENT_3D('',#1887,#1888,#1889);
#1887 = CARTESIAN_POINT('',(122.375,-97.08,0.));
#1888 = DIRECTION('',(-0.,0.,-1.));
#1889 = DIRECTION('',(-0.,-1.,0.));
#1890 = FACE_BOUND('',#1891,.F.);
#1891 = EDGE_LOOP('',(#1892));
#1892 = ORIENTED_EDGE('',*,*,#1893,.T.);
#1893 = EDGE_CURVE('',#1894,#1894,#1896,.T.);
#1894 = VERTEX_POINT('',#1895);
#1895 = CARTESIAN_POINT('',(137.625,-100.12,0.));
#1896 = CIRCLE('',#1897,0.5);
#1897 = AXIS2_PLACEMENT_3D('',#1898,#1899,#1900);
#1898 = CARTESIAN_POINT('',(137.625,-99.62,0.));
#1899 = DIRECTION('',(-0.,0.,-1.));
#1900 = DIRECTION('',(-0.,-1.,0.));
#1901 = FACE_BOUND('',#1902,.F.);
#1902 = EDGE_LOOP('',(#1903));
#1903 = ORIENTED_EDGE('',*,*,#1904,.T.);
#1904 = EDGE_CURVE('',#1905,#1905,#1907,.T.);
#1905 = VERTEX_POINT('',#1906);
#1906 = CARTESIAN_POINT('',(137.625,-97.58,0.));
#1907 = CIRCLE('',#1908,0.5);
#1908 = AXIS2_PLACEMENT_3D('',#1909,#1910,#1911);
#1909 = CARTESIAN_POINT('',(137.625,-97.08,0.));
#1910 = DIRECTION('',(-0.,0.,-1.));
#1911 = DIRECTION('',(-0.,-1.,0.));
#1912 = FACE_BOUND('',#1913,.F.);
#1913 = EDGE_LOOP('',(#1914));
#1914 = ORIENTED_EDGE('',*,*,#1915,.T.);
#1915 = EDGE_CURVE('',#1916,#1916,#1918,.T.);
#1916 = VERTEX_POINT('',#1917);
#1917 = CARTESIAN_POINT('',(122.375,-95.04,0.));
#1918 = CIRCLE('',#1919,0.5);
#1919 = AXIS2_PLACEMENT_3D('',#1920,#1921,#1922);
#1920 = CARTESIAN_POINT('',(122.375,-94.54,0.));
#1921 = DIRECTION('',(-0.,0.,-1.));
#1922 = DIRECTION('',(-0.,-1.,0.));
#1923 = FACE_BOUND('',#1924,.F.);
#1924 = EDGE_LOOP('',(#1925));
#1925 = ORIENTED_EDGE('',*,*,#1926,.T.);
#1926 = EDGE_CURVE('',#1927,#1927,#1929,.T.);
#1927 = VERTEX_POINT('',#1928);
#1928 = CARTESIAN_POINT('',(122.375,-92.5,0.));
#1929 = CIRCLE('',#1930,0.5);
#1930 = AXIS2_PLACEMENT_3D('',#1931,#1932,#1933);
#1931 = CARTESIAN_POINT('',(122.375,-92.,0.));
#1932 = DIRECTION('',(-0.,0.,-1.));
#1933 = DIRECTION('',(-0.,-1.,0.));
#1934 = FACE_BOUND('',#1935,.F.);
#1935 = EDGE_LOOP('',(#1936));
#1936 = ORIENTED_EDGE('',*,*,#1937,.T.);
#1937 = EDGE_CURVE('',#1938,#1938,#1940,.T.);
#1938 = VERTEX_POINT('',#1939);
#1939 = CARTESIAN_POINT('',(122.375,-89.96,0.));
#1940 = CIRCLE('',#1941,0.5);
#1941 = AXIS2_PLACEMENT_3D('',#1942,#1943,#1944);
#1942 = CARTESIAN_POINT('',(122.375,-89.46,0.));
#1943 = DIRECTION('',(-0.,0.,-1.));
#1944 = DIRECTION('',(-0.,-1.,0.));
#1945 = FACE_BOUND('',#1946,.F.);
#1946 = EDGE_LOOP('',(#1947));
#1947 = ORIENTED_EDGE('',*,*,#1948,.T.);
#1948 = EDGE_CURVE('',#1949,#1949,#1951,.T.);
#1949 = VERTEX_POINT('',#1950);
#1950 = CARTESIAN_POINT('',(122.375,-87.42,0.));
#1951 = CIRCLE('',#1952,0.5);
#1952 = AXIS2_PLACEMENT_3D('',#1953,#1954,#1955);
#1953 = CARTESIAN_POINT('',(122.375,-86.92,0.));
#1954 = DIRECTION('',(-0.,0.,-1.));
#1955 = DIRECTION('',(-0.,-1.,0.));
#1956 = FACE_BOUND('',#1957,.F.);
#1957 = EDGE_LOOP('',(#1958));
#1958 = ORIENTED_EDGE('',*,*,#1959,.T.);
#1959 = EDGE_CURVE('',#1960,#1960,#1962,.T.);
#1960 = VERTEX_POINT('',#1961);
#1961 = CARTESIAN_POINT('',(122.375,-84.88,0.));
#1962 = CIRCLE('',#1963,0.5);
#1963 = AXIS2_PLACEMENT_3D('',#1964,#1965,#1966);
#1964 = CARTESIAN_POINT('',(122.375,-84.38,0.));
#1965 = DIRECTION('',(-0.,0.,-1.));
#1966 = DIRECTION('',(-0.,-1.,0.));
#1967 = FACE_BOUND('',#1968,.F.);
#1968 = EDGE_LOOP('',(#1969));
#1969 = ORIENTED_EDGE('',*,*,#1970,.T.);
#1970 = EDGE_CURVE('',#1971,#1971,#1973,.T.);
#1971 = VERTEX_POINT('',#1972);
#1972 = CARTESIAN_POINT('',(137.625,-95.04,0.));
#1973 = CIRCLE('',#1974,0.5);
#1974 = AXIS2_PLACEMENT_3D('',#1975,#1976,#1977);
#1975 = CARTESIAN_POINT('',(137.625,-94.54,0.));
#1976 = DIRECTION('',(-0.,0.,-1.));
#1977 = DIRECTION('',(-0.,-1.,0.));
#1978 = FACE_BOUND('',#1979,.F.);
#1979 = EDGE_LOOP('',(#1980));
#1980 = ORIENTED_EDGE('',*,*,#1981,.T.);
#1981 = EDGE_CURVE('',#1982,#1982,#1984,.T.);
#1982 = VERTEX_POINT('',#1983);
#1983 = CARTESIAN_POINT('',(137.625,-92.5,0.));
#1984 = CIRCLE('',#1985,0.5);
#1985 = AXIS2_PLACEMENT_3D('',#1986,#1987,#1988);
#1986 = CARTESIAN_POINT('',(137.625,-92.,0.));
#1987 = DIRECTION('',(-0.,0.,-1.));
#1988 = DIRECTION('',(-0.,-1.,0.));
#1989 = FACE_BOUND('',#1990,.F.);
#1990 = EDGE_LOOP('',(#1991));
#1991 = ORIENTED_EDGE('',*,*,#1992,.T.);
#1992 = EDGE_CURVE('',#1993,#1993,#1995,.T.);
#1993 = VERTEX_POINT('',#1994);
#1994 = CARTESIAN_POINT('',(137.625,-89.96,0.));
#1995 = CIRCLE('',#1996,0.5);
#1996 = AXIS2_PLACEMENT_3D('',#1997,#1998,#1999);
#1997 = CARTESIAN_POINT('',(137.625,-89.46,0.));
#1998 = DIRECTION('',(-0.,0.,-1.));
#1999 = DIRECTION('',(-0.,-1.,0.));
#2000 = FACE_BOUND('',#2001,.F.);
#2001 = EDGE_LOOP('',(#2002));
#2002 = ORIENTED_EDGE('',*,*,#2003,.T.);
#2003 = EDGE_CURVE('',#2004,#2004,#2006,.T.);
#2004 = VERTEX_POINT('',#2005);
#2005 = CARTESIAN_POINT('',(151.,-92.31,0.));
#2006 = CIRCLE('',#2007,0.5);
#2007 = AXIS2_PLACEMENT_3D('',#2008,#2009,#2010);
#2008 = CARTESIAN_POINT('',(151.,-91.81,0.));
#2009 = DIRECTION('',(-0.,0.,-1.));
#2010 = DIRECTION('',(-0.,-1.,0.));
#2011 = FACE_BOUND('',#2012,.F.);
#2012 = EDGE_LOOP('',(#2013));
#2013 = ORIENTED_EDGE('',*,*,#2014,.T.);
#2014 = EDGE_CURVE('',#2015,#2015,#2017,.T.);
#2015 = VERTEX_POINT('',#2016);
#2016 = CARTESIAN_POINT('',(137.625,-87.42,0.));
#2017 = CIRCLE('',#2018,0.5);
#2018 = AXIS2_PLACEMENT_3D('',#2019,#2020,#2021);
#2019 = CARTESIAN_POINT('',(137.625,-86.92,0.));
#2020 = DIRECTION('',(-0.,0.,-1.));
#2021 = DIRECTION('',(-0.,-1.,0.));
#2022 = FACE_BOUND('',#2023,.F.);
#2023 = EDGE_LOOP('',(#2024));
#2024 = ORIENTED_EDGE('',*,*,#2025,.T.);
#2025 = EDGE_CURVE('',#2026,#2026,#2028,.T.);
#2026 = VERTEX_POINT('',#2027);
#2027 = CARTESIAN_POINT('',(137.625,-84.88,0.));
#2028 = CIRCLE('',#2029,0.5);
#2029 = AXIS2_PLACEMENT_3D('',#2030,#2031,#2032);
#2030 = CARTESIAN_POINT('',(137.625,-84.38,0.));
#2031 = DIRECTION('',(-0.,0.,-1.));
#2032 = DIRECTION('',(-0.,-1.,0.));
#2033 = FACE_BOUND('',#2034,.F.);
#2034 = EDGE_LOOP('',(#2035));
#2035 = ORIENTED_EDGE('',*,*,#2036,.T.);
#2036 = EDGE_CURVE('',#2037,#2037,#2039,.T.);
#2037 = VERTEX_POINT('',#2038);
#2038 = CARTESIAN_POINT('',(151.,-89.77,0.));
#2039 = CIRCLE('',#2040,0.5);
#2040 = AXIS2_PLACEMENT_3D('',#2041,#2042,#2043);
#2041 = CARTESIAN_POINT('',(151.,-89.27,0.));
#2042 = DIRECTION('',(-0.,0.,-1.));
#2043 = DIRECTION('',(-0.,-1.,0.));
#2044 = FACE_BOUND('',#2045,.F.);
#2045 = EDGE_LOOP('',(#2046));
#2046 = ORIENTED_EDGE('',*,*,#2047,.T.);
#2047 = EDGE_CURVE('',#2048,#2048,#2050,.T.);
#2048 = VERTEX_POINT('',#2049);
#2049 = CARTESIAN_POINT('',(151.,-87.23,0.));
#2050 = CIRCLE('',#2051,0.5);
#2051 = AXIS2_PLACEMENT_3D('',#2052,#2053,#2054);
#2052 = CARTESIAN_POINT('',(151.,-86.73,0.));
#2053 = DIRECTION('',(-0.,0.,-1.));
#2054 = DIRECTION('',(-0.,-1.,0.));
#2055 = FACE_BOUND('',#2056,.F.);
#2056 = EDGE_LOOP('',(#2057));
#2057 = ORIENTED_EDGE('',*,*,#2058,.T.);
#2058 = EDGE_CURVE('',#2059,#2059,#2061,.T.);
#2059 = VERTEX_POINT('',#2060);
#2060 = CARTESIAN_POINT('',(151.,-84.69,0.));
#2061 = CIRCLE('',#2062,0.5);
#2062 = AXIS2_PLACEMENT_3D('',#2063,#2064,#2065);
#2063 = CARTESIAN_POINT('',(151.,-84.19,0.));
#2064 = DIRECTION('',(-0.,0.,-1.));
#2065 = DIRECTION('',(-0.,-1.,0.));
#2066 = FACE_BOUND('',#2067,.F.);
#2067 = EDGE_LOOP('',(#2068));
#2068 = ORIENTED_EDGE('',*,*,#2069,.T.);
#2069 = EDGE_CURVE('',#2070,#2070,#2072,.T.);
#2070 = VERTEX_POINT('',#2071);
#2071 = CARTESIAN_POINT('',(157.38,-105.93,0.));
#2072 = CIRCLE('',#2073,0.85);
#2073 = AXIS2_PLACEMENT_3D('',#2074,#2075,#2076);
#2074 = CARTESIAN_POINT('',(157.38,-105.08,0.));
#2075 = DIRECTION('',(-0.,0.,-1.));
#2076 = DIRECTION('',(-0.,-1.,0.));
#2077 = FACE_BOUND('',#2078,.F.);
#2078 = EDGE_LOOP('',(#2079));
#2079 = ORIENTED_EDGE('',*,*,#2080,.T.);
#2080 = EDGE_CURVE('',#2081,#2081,#2083,.T.);
#2081 = VERTEX_POINT('',#2082);
#2082 = CARTESIAN_POINT('',(162.46,-107.08,0.));
#2083 = CIRCLE('',#2084,2.);
#2084 = AXIS2_PLACEMENT_3D('',#2085,#2086,#2087);
#2085 = CARTESIAN_POINT('',(162.46,-105.08,0.));
#2086 = DIRECTION('',(-0.,0.,-1.));
#2087 = DIRECTION('',(-0.,-1.,0.));
#2088 = FACE_BOUND('',#2089,.F.);
#2089 = EDGE_LOOP('',(#2090));
#2090 = ORIENTED_EDGE('',*,*,#2091,.T.);
#2091 = EDGE_CURVE('',#2092,#2092,#2094,.T.);
#2092 = VERTEX_POINT('',#2093);
#2093 = CARTESIAN_POINT('',(158.65,-103.29,0.));
#2094 = CIRCLE('',#2095,0.75);
#2095 = AXIS2_PLACEMENT_3D('',#2096,#2097,#2098);
#2096 = CARTESIAN_POINT('',(158.65,-102.54,0.));
#2097 = DIRECTION('',(-0.,0.,-1.));
#2098 = DIRECTION('',(-0.,-1.,0.));
#2099 = FACE_BOUND('',#2100,.F.);
#2100 = EDGE_LOOP('',(#2101));
#2101 = ORIENTED_EDGE('',*,*,#2102,.T.);
#2102 = EDGE_CURVE('',#2103,#2103,#2105,.T.);
#2103 = VERTEX_POINT('',#2104);
#2104 = CARTESIAN_POINT('',(167.54,-105.93,0.));
#2105 = CIRCLE('',#2106,0.85);
#2106 = AXIS2_PLACEMENT_3D('',#2107,#2108,#2109);
#2107 = CARTESIAN_POINT('',(167.54,-105.08,0.));
#2108 = DIRECTION('',(-0.,0.,-1.));
#2109 = DIRECTION('',(-0.,-1.,0.));
#2110 = FACE_BOUND('',#2111,.F.);
#2111 = EDGE_LOOP('',(#2112));
#2112 = ORIENTED_EDGE('',*,*,#2113,.T.);
#2113 = EDGE_CURVE('',#2114,#2114,#2116,.T.);
#2114 = VERTEX_POINT('',#2115);
#2115 = CARTESIAN_POINT('',(165.,-100.75,0.));
#2116 = CIRCLE('',#2117,0.75);
#2117 = AXIS2_PLACEMENT_3D('',#2118,#2119,#2120);
#2118 = CARTESIAN_POINT('',(165.,-100.,0.));
#2119 = DIRECTION('',(-0.,0.,-1.));
#2120 = DIRECTION('',(-0.,-1.,0.));
#2121 = FACE_BOUND('',#2122,.F.);
#2122 = EDGE_LOOP('',(#2123));
#2123 = ORIENTED_EDGE('',*,*,#2124,.T.);
#2124 = EDGE_CURVE('',#2125,#2125,#2127,.T.);
#2125 = VERTEX_POINT('',#2126);
#2126 = CARTESIAN_POINT('',(175.5,-105.5,0.));
#2127 = CIRCLE('',#2128,0.5);
#2128 = AXIS2_PLACEMENT_3D('',#2129,#2130,#2131);
#2129 = CARTESIAN_POINT('',(175.5,-105.,0.));
#2130 = DIRECTION('',(-0.,0.,-1.));
#2131 = DIRECTION('',(-0.,-1.,0.));
#2132 = FACE_BOUND('',#2133,.F.);
#2133 = EDGE_LOOP('',(#2134));
#2134 = ORIENTED_EDGE('',*,*,#2135,.T.);
#2135 = EDGE_CURVE('',#2136,#2136,#2138,.T.);
#2136 = VERTEX_POINT('',#2137);
#2137 = CARTESIAN_POINT('',(175.5,-103.,0.));
#2138 = CIRCLE('',#2139,0.5);
#2139 = AXIS2_PLACEMENT_3D('',#2140,#2141,#2142);
#2140 = CARTESIAN_POINT('',(175.5,-102.5,0.));
#2141 = DIRECTION('',(-0.,0.,-1.));
#2142 = DIRECTION('',(-0.,-1.,0.));
#2143 = FACE_BOUND('',#2144,.F.);
#2144 = EDGE_LOOP('',(#2145));
#2145 = ORIENTED_EDGE('',*,*,#2146,.T.);
#2146 = EDGE_CURVE('',#2147,#2147,#2149,.T.);
#2147 = VERTEX_POINT('',#2148);
#2148 = CARTESIAN_POINT('',(190.,-103.,0.));
#2149 = CIRCLE('',#2150,0.5);
#2150 = AXIS2_PLACEMENT_3D('',#2151,#2152,#2153);
#2151 = CARTESIAN_POINT('',(190.,-102.5,0.));
#2152 = DIRECTION('',(-0.,0.,-1.));
#2153 = DIRECTION('',(-0.,-1.,0.));
#2154 = FACE_BOUND('',#2155,.F.);
#2155 = EDGE_LOOP('',(#2156,#2167,#2175,#2184));
#2156 = ORIENTED_EDGE('',*,*,#2157,.T.);
#2157 = EDGE_CURVE('',#2158,#2160,#2162,.T.);
#2158 = VERTEX_POINT('',#2159);
#2159 = CARTESIAN_POINT('',(183.65,-98.65,0.));
#2160 = VERTEX_POINT('',#2161);
#2161 = CARTESIAN_POINT('',(183.65,-100.15,0.));
#2162 = CIRCLE('',#2163,0.75);
#2163 = AXIS2_PLACEMENT_3D('',#2164,#2165,#2166);
#2164 = CARTESIAN_POINT('',(183.65,-99.4,0.));
#2165 = DIRECTION('',(-0.,0.,-1.));
#2166 = DIRECTION('',(-0.,-1.,0.));
#2167 = ORIENTED_EDGE('',*,*,#2168,.T.);
#2168 = EDGE_CURVE('',#2160,#2169,#2171,.T.);
#2169 = VERTEX_POINT('',#2170);
#2170 = CARTESIAN_POINT('',(182.35,-100.15,0.));
#2171 = LINE('',#2172,#2173);
#2172 = CARTESIAN_POINT('',(91.175,-100.15,0.));
#2173 = VECTOR('',#2174,1.);
#2174 = DIRECTION('',(-1.,0.,0.));
#2175 = ORIENTED_EDGE('',*,*,#2176,.T.);
#2176 = EDGE_CURVE('',#2169,#2177,#2179,.T.);
#2177 = VERTEX_POINT('',#2178);
#2178 = CARTESIAN_POINT('',(182.35,-98.65,0.));
#2179 = CIRCLE('',#2180,0.75);
#2180 = AXIS2_PLACEMENT_3D('',#2181,#2182,#2183);
#2181 = CARTESIAN_POINT('',(182.35,-99.4,0.));
#2182 = DIRECTION('',(-0.,0.,-1.));
#2183 = DIRECTION('',(0.,1.,0.));
#2184 = ORIENTED_EDGE('',*,*,#2185,.T.);
#2185 = EDGE_CURVE('',#2177,#2158,#2186,.T.);
#2186 = LINE('',#2187,#2188);
#2187 = CARTESIAN_POINT('',(91.825,-98.65,0.));
#2188 = VECTOR('',#2189,1.);
#2189 = DIRECTION('',(1.,0.,-0.));
#2190 = PLANE('',#2191);
#2191 = AXIS2_PLACEMENT_3D('',#2192,#2193,#2194);
#2192 = CARTESIAN_POINT('',(0.,0.,0.));
#2193 = DIRECTION('',(0.,0.,1.));
#2194 = DIRECTION('',(1.,0.,-0.));
#2195 = ADVANCED_FACE('',(#2196,#2242,#2253,#2264,#2275,#2286,#2297,
    #2308,#2319,#2330,#2341,#2352,#2363,#2374,#2385,#2396,#2407,#2418,
    #2429,#2440,#2451,#2462,#2473,#2484,#2495,#2506,#2517,#2528,#2539,
    #2550,#2586,#2597,#2608,#2619,#2630,#2641,#2652,#2663,#2674,#2685,
    #2696,#2707,#2718,#2729,#2740,#2751,#2762,#2773,#2784,#2795,#2806,
    #2817,#2828,#2839,#2850,#2861,#2872,#2883),#2919,.T.);
#2196 = FACE_BOUND('',#2197,.T.);
#2197 = EDGE_LOOP('',(#2198,#2199,#2200,#2209,#2217,#2226,#2234,#2241));
#2198 = ORIENTED_EDGE('',*,*,#1376,.F.);
#2199 = ORIENTED_EDGE('',*,*,#1418,.F.);
#2200 = ORIENTED_EDGE('',*,*,#2201,.F.);
#2201 = EDGE_CURVE('',#2202,#1411,#2204,.T.);
#2202 = VERTEX_POINT('',#2203);
#2203 = CARTESIAN_POINT('',(114.,-83.,1.51));
#2204 = CIRCLE('',#2205,1.99999850585);
#2205 = AXIS2_PLACEMENT_3D('',#2206,#2207,#2208);
#2206 = CARTESIAN_POINT('',(115.99999850585,-82.99999850585,1.51));
#2207 = DIRECTION('',(0.,0.,-1.));
#2208 = DIRECTION('',(-1.,-7.470757491648E-07,-0.));
#2209 = ORIENTED_EDGE('',*,*,#2210,.F.);
#2210 = EDGE_CURVE('',#2211,#2202,#2213,.T.);
#2211 = VERTEX_POINT('',#2212);
#2212 = CARTESIAN_POINT('',(114.,-134.,1.51));
#2213 = LINE('',#2214,#2215);
#2214 = CARTESIAN_POINT('',(114.,-134.,1.51));
#2215 = VECTOR('',#2216,1.);
#2216 = DIRECTION('',(0.,1.,0.));
#2217 = ORIENTED_EDGE('',*,*,#2218,.F.);
#2218 = EDGE_CURVE('',#2219,#2211,#2221,.T.);
#2219 = VERTEX_POINT('',#2220);
#2220 = CARTESIAN_POINT('',(116.,-136.,1.51));
#2221 = CIRCLE('',#2222,1.99999850585);
#2222 = AXIS2_PLACEMENT_3D('',#2223,#2224,#2225);
#2223 = CARTESIAN_POINT('',(115.99999850585,-134.0000014941,1.51));
#2224 = DIRECTION('',(0.,0.,-1.));
#2225 = DIRECTION('',(7.470757349539E-07,-1.,0.));
#2226 = ORIENTED_EDGE('',*,*,#2227,.F.);
#2227 = EDGE_CURVE('',#2228,#2219,#2230,.T.);
#2228 = VERTEX_POINT('',#2229);
#2229 = CARTESIAN_POINT('',(191.5,-136.,1.51));
#2230 = LINE('',#2231,#2232);
#2231 = CARTESIAN_POINT('',(191.5,-136.,1.51));
#2232 = VECTOR('',#2233,1.);
#2233 = DIRECTION('',(-1.,0.,0.));
#2234 = ORIENTED_EDGE('',*,*,#2235,.F.);
#2235 = EDGE_CURVE('',#1441,#2228,#2236,.T.);
#2236 = CIRCLE('',#2237,1.99999850585);
#2237 = AXIS2_PLACEMENT_3D('',#2238,#2239,#2240);
#2238 = CARTESIAN_POINT('',(191.50000149415,-134.0000014941,1.51));
#2239 = DIRECTION('',(0.,0.,-1.));
#2240 = DIRECTION('',(1.,7.47075720743E-07,0.));
#2241 = ORIENTED_EDGE('',*,*,#1440,.F.);
#2242 = FACE_BOUND('',#2243,.T.);
#2243 = EDGE_LOOP('',(#2244));
#2244 = ORIENTED_EDGE('',*,*,#2245,.T.);
#2245 = EDGE_CURVE('',#2246,#2246,#2248,.T.);
#2246 = VERTEX_POINT('',#2247);
#2247 = CARTESIAN_POINT('',(119.,-129.71,1.51));
#2248 = CIRCLE('',#2249,0.4);
#2249 = AXIS2_PLACEMENT_3D('',#2250,#2251,#2252);
#2250 = CARTESIAN_POINT('',(119.,-129.31,1.51));
#2251 = DIRECTION('',(-0.,0.,-1.));
#2252 = DIRECTION('',(-0.,-1.,0.));
#2253 = FACE_BOUND('',#2254,.T.);
#2254 = EDGE_LOOP('',(#2255));
#2255 = ORIENTED_EDGE('',*,*,#2256,.T.);
#2256 = EDGE_CURVE('',#2257,#2257,#2259,.T.);
#2257 = VERTEX_POINT('',#2258);
#2258 = CARTESIAN_POINT('',(122.5,-129.71,1.51));
#2259 = CIRCLE('',#2260,0.4);
#2260 = AXIS2_PLACEMENT_3D('',#2261,#2262,#2263);
#2261 = CARTESIAN_POINT('',(122.5,-129.31,1.51));
#2262 = DIRECTION('',(-0.,0.,-1.));
#2263 = DIRECTION('',(-0.,-1.,0.));
#2264 = FACE_BOUND('',#2265,.T.);
#2265 = EDGE_LOOP('',(#2266));
#2266 = ORIENTED_EDGE('',*,*,#2267,.T.);
#2267 = EDGE_CURVE('',#2268,#2268,#2270,.T.);
#2268 = VERTEX_POINT('',#2269);
#2269 = CARTESIAN_POINT('',(126.,-129.71,1.51));
#2270 = CIRCLE('',#2271,0.4);
#2271 = AXIS2_PLACEMENT_3D('',#2272,#2273,#2274);
#2272 = CARTESIAN_POINT('',(126.,-129.31,1.51));
#2273 = DIRECTION('',(-0.,0.,-1.));
#2274 = DIRECTION('',(-0.,-1.,0.));
#2275 = FACE_BOUND('',#2276,.T.);
#2276 = EDGE_LOOP('',(#2277));
#2277 = ORIENTED_EDGE('',*,*,#2278,.T.);
#2278 = EDGE_CURVE('',#2279,#2279,#2281,.T.);
#2279 = VERTEX_POINT('',#2280);
#2280 = CARTESIAN_POINT('',(130.,-129.71,1.51));
#2281 = CIRCLE('',#2282,0.4);
#2282 = AXIS2_PLACEMENT_3D('',#2283,#2284,#2285);
#2283 = CARTESIAN_POINT('',(130.,-129.31,1.51));
#2284 = DIRECTION('',(-0.,0.,-1.));
#2285 = DIRECTION('',(-0.,-1.,0.));
#2286 = FACE_BOUND('',#2287,.T.);
#2287 = EDGE_LOOP('',(#2288));
#2288 = ORIENTED_EDGE('',*,*,#2289,.T.);
#2289 = EDGE_CURVE('',#2290,#2290,#2292,.T.);
#2290 = VERTEX_POINT('',#2291);
#2291 = CARTESIAN_POINT('',(119.,-122.09,1.51));
#2292 = CIRCLE('',#2293,0.4);
#2293 = AXIS2_PLACEMENT_3D('',#2294,#2295,#2296);
#2294 = CARTESIAN_POINT('',(119.,-121.69,1.51));
#2295 = DIRECTION('',(-0.,0.,-1.));
#2296 = DIRECTION('',(-0.,-1.,0.));
#2297 = FACE_BOUND('',#2298,.T.);
#2298 = EDGE_LOOP('',(#2299));
#2299 = ORIENTED_EDGE('',*,*,#2300,.T.);
#2300 = EDGE_CURVE('',#2301,#2301,#2303,.T.);
#2301 = VERTEX_POINT('',#2302);
#2302 = CARTESIAN_POINT('',(122.5,-122.09,1.51));
#2303 = CIRCLE('',#2304,0.4);
#2304 = AXIS2_PLACEMENT_3D('',#2305,#2306,#2307);
#2305 = CARTESIAN_POINT('',(122.5,-121.69,1.51));
#2306 = DIRECTION('',(-0.,0.,-1.));
#2307 = DIRECTION('',(-0.,-1.,0.));
#2308 = FACE_BOUND('',#2309,.T.);
#2309 = EDGE_LOOP('',(#2310));
#2310 = ORIENTED_EDGE('',*,*,#2311,.T.);
#2311 = EDGE_CURVE('',#2312,#2312,#2314,.T.);
#2312 = VERTEX_POINT('',#2313);
#2313 = CARTESIAN_POINT('',(126.,-122.09,1.51));
#2314 = CIRCLE('',#2315,0.4);
#2315 = AXIS2_PLACEMENT_3D('',#2316,#2317,#2318);
#2316 = CARTESIAN_POINT('',(126.,-121.69,1.51));
#2317 = DIRECTION('',(-0.,0.,-1.));
#2318 = DIRECTION('',(-0.,-1.,0.));
#2319 = FACE_BOUND('',#2320,.T.);
#2320 = EDGE_LOOP('',(#2321));
#2321 = ORIENTED_EDGE('',*,*,#2322,.T.);
#2322 = EDGE_CURVE('',#2323,#2323,#2325,.T.);
#2323 = VERTEX_POINT('',#2324);
#2324 = CARTESIAN_POINT('',(130.,-122.09,1.51));
#2325 = CIRCLE('',#2326,0.4);
#2326 = AXIS2_PLACEMENT_3D('',#2327,#2328,#2329);
#2327 = CARTESIAN_POINT('',(130.,-121.69,1.51));
#2328 = DIRECTION('',(-0.,0.,-1.));
#2329 = DIRECTION('',(-0.,-1.,0.));
#2330 = FACE_BOUND('',#2331,.T.);
#2331 = EDGE_LOOP('',(#2332));
#2332 = ORIENTED_EDGE('',*,*,#2333,.T.);
#2333 = EDGE_CURVE('',#2334,#2334,#2336,.T.);
#2334 = VERTEX_POINT('',#2335);
#2335 = CARTESIAN_POINT('',(137.38,-125.93,1.51));
#2336 = CIRCLE('',#2337,0.85);
#2337 = AXIS2_PLACEMENT_3D('',#2338,#2339,#2340);
#2338 = CARTESIAN_POINT('',(137.38,-125.08,1.51));
#2339 = DIRECTION('',(-0.,0.,-1.));
#2340 = DIRECTION('',(-0.,-1.,0.));
#2341 = FACE_BOUND('',#2342,.T.);
#2342 = EDGE_LOOP('',(#2343));
#2343 = ORIENTED_EDGE('',*,*,#2344,.T.);
#2344 = EDGE_CURVE('',#2345,#2345,#2347,.T.);
#2345 = VERTEX_POINT('',#2346);
#2346 = CARTESIAN_POINT('',(142.46,-127.08,1.51));
#2347 = CIRCLE('',#2348,2.);
#2348 = AXIS2_PLACEMENT_3D('',#2349,#2350,#2351);
#2349 = CARTESIAN_POINT('',(142.46,-125.08,1.51));
#2350 = DIRECTION('',(-0.,0.,-1.));
#2351 = DIRECTION('',(-0.,-1.,0.));
#2352 = FACE_BOUND('',#2353,.T.);
#2353 = EDGE_LOOP('',(#2354));
#2354 = ORIENTED_EDGE('',*,*,#2355,.T.);
#2355 = EDGE_CURVE('',#2356,#2356,#2358,.T.);
#2356 = VERTEX_POINT('',#2357);
#2357 = CARTESIAN_POINT('',(147.54,-125.93,1.51));
#2358 = CIRCLE('',#2359,0.85);
#2359 = AXIS2_PLACEMENT_3D('',#2360,#2361,#2362);
#2360 = CARTESIAN_POINT('',(147.54,-125.08,1.51));
#2361 = DIRECTION('',(-0.,0.,-1.));
#2362 = DIRECTION('',(-0.,-1.,0.));
#2363 = FACE_BOUND('',#2364,.T.);
#2364 = EDGE_LOOP('',(#2365));
#2365 = ORIENTED_EDGE('',*,*,#2366,.T.);
#2366 = EDGE_CURVE('',#2367,#2367,#2369,.T.);
#2367 = VERTEX_POINT('',#2368);
#2368 = CARTESIAN_POINT('',(138.65,-123.29,1.51));
#2369 = CIRCLE('',#2370,0.75);
#2370 = AXIS2_PLACEMENT_3D('',#2371,#2372,#2373);
#2371 = CARTESIAN_POINT('',(138.65,-122.54,1.51));
#2372 = DIRECTION('',(-0.,0.,-1.));
#2373 = DIRECTION('',(-0.,-1.,0.));
#2374 = FACE_BOUND('',#2375,.T.);
#2375 = EDGE_LOOP('',(#2376));
#2376 = ORIENTED_EDGE('',*,*,#2377,.T.);
#2377 = EDGE_CURVE('',#2378,#2378,#2380,.T.);
#2378 = VERTEX_POINT('',#2379);
#2379 = CARTESIAN_POINT('',(145.,-120.75,1.51));
#2380 = CIRCLE('',#2381,0.75);
#2381 = AXIS2_PLACEMENT_3D('',#2382,#2383,#2384);
#2382 = CARTESIAN_POINT('',(145.,-120.,1.51));
#2383 = DIRECTION('',(-0.,0.,-1.));
#2384 = DIRECTION('',(-0.,-1.,0.));
#2385 = FACE_BOUND('',#2386,.T.);
#2386 = EDGE_LOOP('',(#2387));
#2387 = ORIENTED_EDGE('',*,*,#2388,.T.);
#2388 = EDGE_CURVE('',#2389,#2389,#2391,.T.);
#2389 = VERTEX_POINT('',#2390);
#2390 = CARTESIAN_POINT('',(118.23,-107.845,1.51));
#2391 = CIRCLE('',#2392,0.45);
#2392 = AXIS2_PLACEMENT_3D('',#2393,#2394,#2395);
#2393 = CARTESIAN_POINT('',(118.23,-107.395,1.51));
#2394 = DIRECTION('',(-0.,0.,-1.));
#2395 = DIRECTION('',(-0.,-1.,0.));
#2396 = FACE_BOUND('',#2397,.T.);
#2397 = EDGE_LOOP('',(#2398));
#2398 = ORIENTED_EDGE('',*,*,#2399,.T.);
#2399 = EDGE_CURVE('',#2400,#2400,#2402,.T.);
#2400 = VERTEX_POINT('',#2401);
#2401 = CARTESIAN_POINT('',(120.77,-107.845,1.51));
#2402 = CIRCLE('',#2403,0.45);
#2403 = AXIS2_PLACEMENT_3D('',#2404,#2405,#2406);
#2404 = CARTESIAN_POINT('',(120.77,-107.395,1.51));
#2405 = DIRECTION('',(-0.,0.,-1.));
#2406 = DIRECTION('',(-0.,-1.,0.));
#2407 = FACE_BOUND('',#2408,.T.);
#2408 = EDGE_LOOP('',(#2409));
#2409 = ORIENTED_EDGE('',*,*,#2410,.T.);
#2410 = EDGE_CURVE('',#2411,#2411,#2413,.T.);
#2411 = VERTEX_POINT('',#2412);
#2412 = CARTESIAN_POINT('',(128.5,-112.4,1.51));
#2413 = CIRCLE('',#2414,0.4);
#2414 = AXIS2_PLACEMENT_3D('',#2415,#2416,#2417);
#2415 = CARTESIAN_POINT('',(128.5,-112.,1.51));
#2416 = DIRECTION('',(-0.,0.,-1.));
#2417 = DIRECTION('',(-0.,-1.,0.));
#2418 = FACE_BOUND('',#2419,.T.);
#2419 = EDGE_LOOP('',(#2420));
#2420 = ORIENTED_EDGE('',*,*,#2421,.T.);
#2421 = EDGE_CURVE('',#2422,#2422,#2424,.T.);
#2422 = VERTEX_POINT('',#2423);
#2423 = CARTESIAN_POINT('',(128.5,-107.32,1.51));
#2424 = CIRCLE('',#2425,0.4);
#2425 = AXIS2_PLACEMENT_3D('',#2426,#2427,#2428);
#2426 = CARTESIAN_POINT('',(128.5,-106.92,1.51));
#2427 = DIRECTION('',(-0.,0.,-1.));
#2428 = DIRECTION('',(-0.,-1.,0.));
#2429 = FACE_BOUND('',#2430,.T.);
#2430 = EDGE_LOOP('',(#2431));
#2431 = ORIENTED_EDGE('',*,*,#2432,.T.);
#2432 = EDGE_CURVE('',#2433,#2433,#2435,.T.);
#2433 = VERTEX_POINT('',#2434);
#2434 = CARTESIAN_POINT('',(157.38,-125.93,1.51));
#2435 = CIRCLE('',#2436,0.85);
#2436 = AXIS2_PLACEMENT_3D('',#2437,#2438,#2439);
#2437 = CARTESIAN_POINT('',(157.38,-125.08,1.51));
#2438 = DIRECTION('',(-0.,0.,-1.));
#2439 = DIRECTION('',(-0.,-1.,0.));
#2440 = FACE_BOUND('',#2441,.T.);
#2441 = EDGE_LOOP('',(#2442));
#2442 = ORIENTED_EDGE('',*,*,#2443,.T.);
#2443 = EDGE_CURVE('',#2444,#2444,#2446,.T.);
#2444 = VERTEX_POINT('',#2445);
#2445 = CARTESIAN_POINT('',(162.46,-127.08,1.51));
#2446 = CIRCLE('',#2447,2.);
#2447 = AXIS2_PLACEMENT_3D('',#2448,#2449,#2450);
#2448 = CARTESIAN_POINT('',(162.46,-125.08,1.51));
#2449 = DIRECTION('',(-0.,0.,-1.));
#2450 = DIRECTION('',(-0.,-1.,0.));
#2451 = FACE_BOUND('',#2452,.T.);
#2452 = EDGE_LOOP('',(#2453));
#2453 = ORIENTED_EDGE('',*,*,#2454,.T.);
#2454 = EDGE_CURVE('',#2455,#2455,#2457,.T.);
#2455 = VERTEX_POINT('',#2456);
#2456 = CARTESIAN_POINT('',(167.54,-125.93,1.51));
#2457 = CIRCLE('',#2458,0.85);
#2458 = AXIS2_PLACEMENT_3D('',#2459,#2460,#2461);
#2459 = CARTESIAN_POINT('',(167.54,-125.08,1.51));
#2460 = DIRECTION('',(-0.,0.,-1.));
#2461 = DIRECTION('',(-0.,-1.,0.));
#2462 = FACE_BOUND('',#2463,.T.);
#2463 = EDGE_LOOP('',(#2464));
#2464 = ORIENTED_EDGE('',*,*,#2465,.T.);
#2465 = EDGE_CURVE('',#2466,#2466,#2468,.T.);
#2466 = VERTEX_POINT('',#2467);
#2467 = CARTESIAN_POINT('',(158.65,-123.29,1.51));
#2468 = CIRCLE('',#2469,0.75);
#2469 = AXIS2_PLACEMENT_3D('',#2470,#2471,#2472);
#2470 = CARTESIAN_POINT('',(158.65,-122.54,1.51));
#2471 = DIRECTION('',(-0.,0.,-1.));
#2472 = DIRECTION('',(-0.,-1.,0.));
#2473 = FACE_BOUND('',#2474,.T.);
#2474 = EDGE_LOOP('',(#2475));
#2475 = ORIENTED_EDGE('',*,*,#2476,.T.);
#2476 = EDGE_CURVE('',#2477,#2477,#2479,.T.);
#2477 = VERTEX_POINT('',#2478);
#2478 = CARTESIAN_POINT('',(165.,-120.75,1.51));
#2479 = CIRCLE('',#2480,0.75);
#2480 = AXIS2_PLACEMENT_3D('',#2481,#2482,#2483);
#2481 = CARTESIAN_POINT('',(165.,-120.,1.51));
#2482 = DIRECTION('',(-0.,0.,-1.));
#2483 = DIRECTION('',(-0.,-1.,0.));
#2484 = FACE_BOUND('',#2485,.T.);
#2485 = EDGE_LOOP('',(#2486));
#2486 = ORIENTED_EDGE('',*,*,#2487,.T.);
#2487 = EDGE_CURVE('',#2488,#2488,#2490,.T.);
#2488 = VERTEX_POINT('',#2489);
#2489 = CARTESIAN_POINT('',(177.38,-125.93,1.51));
#2490 = CIRCLE('',#2491,0.85);
#2491 = AXIS2_PLACEMENT_3D('',#2492,#2493,#2494);
#2492 = CARTESIAN_POINT('',(177.38,-125.08,1.51));
#2493 = DIRECTION('',(-0.,0.,-1.));
#2494 = DIRECTION('',(-0.,-1.,0.));
#2495 = FACE_BOUND('',#2496,.T.);
#2496 = EDGE_LOOP('',(#2497));
#2497 = ORIENTED_EDGE('',*,*,#2498,.T.);
#2498 = EDGE_CURVE('',#2499,#2499,#2501,.T.);
#2499 = VERTEX_POINT('',#2500);
#2500 = CARTESIAN_POINT('',(182.46,-127.08,1.51));
#2501 = CIRCLE('',#2502,2.);
#2502 = AXIS2_PLACEMENT_3D('',#2503,#2504,#2505);
#2503 = CARTESIAN_POINT('',(182.46,-125.08,1.51));
#2504 = DIRECTION('',(-0.,0.,-1.));
#2505 = DIRECTION('',(-0.,-1.,0.));
#2506 = FACE_BOUND('',#2507,.T.);
#2507 = EDGE_LOOP('',(#2508));
#2508 = ORIENTED_EDGE('',*,*,#2509,.T.);
#2509 = EDGE_CURVE('',#2510,#2510,#2512,.T.);
#2510 = VERTEX_POINT('',#2511);
#2511 = CARTESIAN_POINT('',(187.54,-125.93,1.51));
#2512 = CIRCLE('',#2513,0.85);
#2513 = AXIS2_PLACEMENT_3D('',#2514,#2515,#2516);
#2514 = CARTESIAN_POINT('',(187.54,-125.08,1.51));
#2515 = DIRECTION('',(-0.,0.,-1.));
#2516 = DIRECTION('',(-0.,-1.,0.));
#2517 = FACE_BOUND('',#2518,.T.);
#2518 = EDGE_LOOP('',(#2519));
#2519 = ORIENTED_EDGE('',*,*,#2520,.T.);
#2520 = EDGE_CURVE('',#2521,#2521,#2523,.T.);
#2521 = VERTEX_POINT('',#2522);
#2522 = CARTESIAN_POINT('',(178.65,-123.29,1.51));
#2523 = CIRCLE('',#2524,0.75);
#2524 = AXIS2_PLACEMENT_3D('',#2525,#2526,#2527);
#2525 = CARTESIAN_POINT('',(178.65,-122.54,1.51));
#2526 = DIRECTION('',(-0.,0.,-1.));
#2527 = DIRECTION('',(-0.,-1.,0.));
#2528 = FACE_BOUND('',#2529,.T.);
#2529 = EDGE_LOOP('',(#2530));
#2530 = ORIENTED_EDGE('',*,*,#2531,.T.);
#2531 = EDGE_CURVE('',#2532,#2532,#2534,.T.);
#2532 = VERTEX_POINT('',#2533);
#2533 = CARTESIAN_POINT('',(185.,-120.75,1.51));
#2534 = CIRCLE('',#2535,0.75);
#2535 = AXIS2_PLACEMENT_3D('',#2536,#2537,#2538);
#2536 = CARTESIAN_POINT('',(185.,-120.,1.51));
#2537 = DIRECTION('',(-0.,0.,-1.));
#2538 = DIRECTION('',(-0.,-1.,0.));
#2539 = FACE_BOUND('',#2540,.T.);
#2540 = EDGE_LOOP('',(#2541));
#2541 = ORIENTED_EDGE('',*,*,#2542,.T.);
#2542 = EDGE_CURVE('',#2543,#2543,#2545,.T.);
#2543 = VERTEX_POINT('',#2544);
#2544 = CARTESIAN_POINT('',(175.5,-108.,1.51));
#2545 = CIRCLE('',#2546,0.5);
#2546 = AXIS2_PLACEMENT_3D('',#2547,#2548,#2549);
#2547 = CARTESIAN_POINT('',(175.5,-107.5,1.51));
#2548 = DIRECTION('',(-0.,0.,-1.));
#2549 = DIRECTION('',(-0.,-1.,0.));
#2550 = FACE_BOUND('',#2551,.T.);
#2551 = EDGE_LOOP('',(#2552,#2563,#2571,#2580));
#2552 = ORIENTED_EDGE('',*,*,#2553,.T.);
#2553 = EDGE_CURVE('',#2554,#2556,#2558,.T.);
#2554 = VERTEX_POINT('',#2555);
#2555 = CARTESIAN_POINT('',(183.65,-109.85,1.51));
#2556 = VERTEX_POINT('',#2557);
#2557 = CARTESIAN_POINT('',(183.65,-111.35,1.51));
#2558 = CIRCLE('',#2559,0.75);
#2559 = AXIS2_PLACEMENT_3D('',#2560,#2561,#2562);
#2560 = CARTESIAN_POINT('',(183.65,-110.6,1.51));
#2561 = DIRECTION('',(-0.,0.,-1.));
#2562 = DIRECTION('',(-0.,-1.,0.));
#2563 = ORIENTED_EDGE('',*,*,#2564,.T.);
#2564 = EDGE_CURVE('',#2556,#2565,#2567,.T.);
#2565 = VERTEX_POINT('',#2566);
#2566 = CARTESIAN_POINT('',(182.35,-111.35,1.51));
#2567 = LINE('',#2568,#2569);
#2568 = CARTESIAN_POINT('',(91.175,-111.35,1.51));
#2569 = VECTOR('',#2570,1.);
#2570 = DIRECTION('',(-1.,0.,0.));
#2571 = ORIENTED_EDGE('',*,*,#2572,.T.);
#2572 = EDGE_CURVE('',#2565,#2573,#2575,.T.);
#2573 = VERTEX_POINT('',#2574);
#2574 = CARTESIAN_POINT('',(182.35,-109.85,1.51));
#2575 = CIRCLE('',#2576,0.75);
#2576 = AXIS2_PLACEMENT_3D('',#2577,#2578,#2579);
#2577 = CARTESIAN_POINT('',(182.35,-110.6,1.51));
#2578 = DIRECTION('',(-0.,0.,-1.));
#2579 = DIRECTION('',(0.,1.,0.));
#2580 = ORIENTED_EDGE('',*,*,#2581,.T.);
#2581 = EDGE_CURVE('',#2573,#2554,#2582,.T.);
#2582 = LINE('',#2583,#2584);
#2583 = CARTESIAN_POINT('',(91.825,-109.85,1.51));
#2584 = VECTOR('',#2585,1.);
#2585 = DIRECTION('',(1.,0.,-0.));
#2586 = FACE_BOUND('',#2587,.T.);
#2587 = EDGE_LOOP('',(#2588));
#2588 = ORIENTED_EDGE('',*,*,#2589,.T.);
#2589 = EDGE_CURVE('',#2590,#2590,#2592,.T.);
#2590 = VERTEX_POINT('',#2591);
#2591 = CARTESIAN_POINT('',(190.,-108.,1.51));
#2592 = CIRCLE('',#2593,0.5);
#2593 = AXIS2_PLACEMENT_3D('',#2594,#2595,#2596);
#2594 = CARTESIAN_POINT('',(190.,-107.5,1.51));
#2595 = DIRECTION('',(-0.,0.,-1.));
#2596 = DIRECTION('',(-0.,-1.,0.));
#2597 = FACE_BOUND('',#2598,.T.);
#2598 = EDGE_LOOP('',(#2599));
#2599 = ORIENTED_EDGE('',*,*,#2600,.T.);
#2600 = EDGE_CURVE('',#2601,#2601,#2603,.T.);
#2601 = VERTEX_POINT('',#2602);
#2602 = CARTESIAN_POINT('',(122.375,-100.12,1.51));
#2603 = CIRCLE('',#2604,0.5);
#2604 = AXIS2_PLACEMENT_3D('',#2605,#2606,#2607);
#2605 = CARTESIAN_POINT('',(122.375,-99.62,1.51));
#2606 = DIRECTION('',(-0.,0.,-1.));
#2607 = DIRECTION('',(-0.,-1.,0.));
#2608 = FACE_BOUND('',#2609,.T.);
#2609 = EDGE_LOOP('',(#2610));
#2610 = ORIENTED_EDGE('',*,*,#2611,.T.);
#2611 = EDGE_CURVE('',#2612,#2612,#2614,.T.);
#2612 = VERTEX_POINT('',#2613);
#2613 = CARTESIAN_POINT('',(122.375,-97.58,1.51));
#2614 = CIRCLE('',#2615,0.5);
#2615 = AXIS2_PLACEMENT_3D('',#2616,#2617,#2618);
#2616 = CARTESIAN_POINT('',(122.375,-97.08,1.51));
#2617 = DIRECTION('',(-0.,0.,-1.));
#2618 = DIRECTION('',(-0.,-1.,0.));
#2619 = FACE_BOUND('',#2620,.T.);
#2620 = EDGE_LOOP('',(#2621));
#2621 = ORIENTED_EDGE('',*,*,#2622,.T.);
#2622 = EDGE_CURVE('',#2623,#2623,#2625,.T.);
#2623 = VERTEX_POINT('',#2624);
#2624 = CARTESIAN_POINT('',(137.625,-100.12,1.51));
#2625 = CIRCLE('',#2626,0.5);
#2626 = AXIS2_PLACEMENT_3D('',#2627,#2628,#2629);
#2627 = CARTESIAN_POINT('',(137.625,-99.62,1.51));
#2628 = DIRECTION('',(-0.,0.,-1.));
#2629 = DIRECTION('',(-0.,-1.,0.));
#2630 = FACE_BOUND('',#2631,.T.);
#2631 = EDGE_LOOP('',(#2632));
#2632 = ORIENTED_EDGE('',*,*,#2633,.T.);
#2633 = EDGE_CURVE('',#2634,#2634,#2636,.T.);
#2634 = VERTEX_POINT('',#2635);
#2635 = CARTESIAN_POINT('',(137.625,-97.58,1.51));
#2636 = CIRCLE('',#2637,0.5);
#2637 = AXIS2_PLACEMENT_3D('',#2638,#2639,#2640);
#2638 = CARTESIAN_POINT('',(137.625,-97.08,1.51));
#2639 = DIRECTION('',(-0.,0.,-1.));
#2640 = DIRECTION('',(-0.,-1.,0.));
#2641 = FACE_BOUND('',#2642,.T.);
#2642 = EDGE_LOOP('',(#2643));
#2643 = ORIENTED_EDGE('',*,*,#2644,.T.);
#2644 = EDGE_CURVE('',#2645,#2645,#2647,.T.);
#2645 = VERTEX_POINT('',#2646);
#2646 = CARTESIAN_POINT('',(122.375,-95.04,1.51));
#2647 = CIRCLE('',#2648,0.5);
#2648 = AXIS2_PLACEMENT_3D('',#2649,#2650,#2651);
#2649 = CARTESIAN_POINT('',(122.375,-94.54,1.51));
#2650 = DIRECTION('',(-0.,0.,-1.));
#2651 = DIRECTION('',(-0.,-1.,0.));
#2652 = FACE_BOUND('',#2653,.T.);
#2653 = EDGE_LOOP('',(#2654));
#2654 = ORIENTED_EDGE('',*,*,#2655,.T.);
#2655 = EDGE_CURVE('',#2656,#2656,#2658,.T.);
#2656 = VERTEX_POINT('',#2657);
#2657 = CARTESIAN_POINT('',(122.375,-92.5,1.51));
#2658 = CIRCLE('',#2659,0.5);
#2659 = AXIS2_PLACEMENT_3D('',#2660,#2661,#2662);
#2660 = CARTESIAN_POINT('',(122.375,-92.,1.51));
#2661 = DIRECTION('',(-0.,0.,-1.));
#2662 = DIRECTION('',(-0.,-1.,0.));
#2663 = FACE_BOUND('',#2664,.T.);
#2664 = EDGE_LOOP('',(#2665));
#2665 = ORIENTED_EDGE('',*,*,#2666,.T.);
#2666 = EDGE_CURVE('',#2667,#2667,#2669,.T.);
#2667 = VERTEX_POINT('',#2668);
#2668 = CARTESIAN_POINT('',(122.375,-89.96,1.51));
#2669 = CIRCLE('',#2670,0.5);
#2670 = AXIS2_PLACEMENT_3D('',#2671,#2672,#2673);
#2671 = CARTESIAN_POINT('',(122.375,-89.46,1.51));
#2672 = DIRECTION('',(-0.,0.,-1.));
#2673 = DIRECTION('',(-0.,-1.,0.));
#2674 = FACE_BOUND('',#2675,.T.);
#2675 = EDGE_LOOP('',(#2676));
#2676 = ORIENTED_EDGE('',*,*,#2677,.T.);
#2677 = EDGE_CURVE('',#2678,#2678,#2680,.T.);
#2678 = VERTEX_POINT('',#2679);
#2679 = CARTESIAN_POINT('',(122.375,-87.42,1.51));
#2680 = CIRCLE('',#2681,0.5);
#2681 = AXIS2_PLACEMENT_3D('',#2682,#2683,#2684);
#2682 = CARTESIAN_POINT('',(122.375,-86.92,1.51));
#2683 = DIRECTION('',(-0.,0.,-1.));
#2684 = DIRECTION('',(-0.,-1.,0.));
#2685 = FACE_BOUND('',#2686,.T.);
#2686 = EDGE_LOOP('',(#2687));
#2687 = ORIENTED_EDGE('',*,*,#2688,.T.);
#2688 = EDGE_CURVE('',#2689,#2689,#2691,.T.);
#2689 = VERTEX_POINT('',#2690);
#2690 = CARTESIAN_POINT('',(122.375,-84.88,1.51));
#2691 = CIRCLE('',#2692,0.5);
#2692 = AXIS2_PLACEMENT_3D('',#2693,#2694,#2695);
#2693 = CARTESIAN_POINT('',(122.375,-84.38,1.51));
#2694 = DIRECTION('',(-0.,0.,-1.));
#2695 = DIRECTION('',(-0.,-1.,0.));
#2696 = FACE_BOUND('',#2697,.T.);
#2697 = EDGE_LOOP('',(#2698));
#2698 = ORIENTED_EDGE('',*,*,#2699,.T.);
#2699 = EDGE_CURVE('',#2700,#2700,#2702,.T.);
#2700 = VERTEX_POINT('',#2701);
#2701 = CARTESIAN_POINT('',(137.625,-95.04,1.51));
#2702 = CIRCLE('',#2703,0.5);
#2703 = AXIS2_PLACEMENT_3D('',#2704,#2705,#2706);
#2704 = CARTESIAN_POINT('',(137.625,-94.54,1.51));
#2705 = DIRECTION('',(-0.,0.,-1.));
#2706 = DIRECTION('',(-0.,-1.,0.));
#2707 = FACE_BOUND('',#2708,.T.);
#2708 = EDGE_LOOP('',(#2709));
#2709 = ORIENTED_EDGE('',*,*,#2710,.T.);
#2710 = EDGE_CURVE('',#2711,#2711,#2713,.T.);
#2711 = VERTEX_POINT('',#2712);
#2712 = CARTESIAN_POINT('',(137.625,-92.5,1.51));
#2713 = CIRCLE('',#2714,0.5);
#2714 = AXIS2_PLACEMENT_3D('',#2715,#2716,#2717);
#2715 = CARTESIAN_POINT('',(137.625,-92.,1.51));
#2716 = DIRECTION('',(-0.,0.,-1.));
#2717 = DIRECTION('',(-0.,-1.,0.));
#2718 = FACE_BOUND('',#2719,.T.);
#2719 = EDGE_LOOP('',(#2720));
#2720 = ORIENTED_EDGE('',*,*,#2721,.T.);
#2721 = EDGE_CURVE('',#2722,#2722,#2724,.T.);
#2722 = VERTEX_POINT('',#2723);
#2723 = CARTESIAN_POINT('',(137.625,-89.96,1.51));
#2724 = CIRCLE('',#2725,0.5);
#2725 = AXIS2_PLACEMENT_3D('',#2726,#2727,#2728);
#2726 = CARTESIAN_POINT('',(137.625,-89.46,1.51));
#2727 = DIRECTION('',(-0.,0.,-1.));
#2728 = DIRECTION('',(-0.,-1.,0.));
#2729 = FACE_BOUND('',#2730,.T.);
#2730 = EDGE_LOOP('',(#2731));
#2731 = ORIENTED_EDGE('',*,*,#2732,.T.);
#2732 = EDGE_CURVE('',#2733,#2733,#2735,.T.);
#2733 = VERTEX_POINT('',#2734);
#2734 = CARTESIAN_POINT('',(151.,-92.31,1.51));
#2735 = CIRCLE('',#2736,0.5);
#2736 = AXIS2_PLACEMENT_3D('',#2737,#2738,#2739);
#2737 = CARTESIAN_POINT('',(151.,-91.81,1.51));
#2738 = DIRECTION('',(-0.,0.,-1.));
#2739 = DIRECTION('',(-0.,-1.,0.));
#2740 = FACE_BOUND('',#2741,.T.);
#2741 = EDGE_LOOP('',(#2742));
#2742 = ORIENTED_EDGE('',*,*,#2743,.T.);
#2743 = EDGE_CURVE('',#2744,#2744,#2746,.T.);
#2744 = VERTEX_POINT('',#2745);
#2745 = CARTESIAN_POINT('',(137.625,-87.42,1.51));
#2746 = CIRCLE('',#2747,0.5);
#2747 = AXIS2_PLACEMENT_3D('',#2748,#2749,#2750);
#2748 = CARTESIAN_POINT('',(137.625,-86.92,1.51));
#2749 = DIRECTION('',(-0.,0.,-1.));
#2750 = DIRECTION('',(-0.,-1.,0.));
#2751 = FACE_BOUND('',#2752,.T.);
#2752 = EDGE_LOOP('',(#2753));
#2753 = ORIENTED_EDGE('',*,*,#2754,.T.);
#2754 = EDGE_CURVE('',#2755,#2755,#2757,.T.);
#2755 = VERTEX_POINT('',#2756);
#2756 = CARTESIAN_POINT('',(137.625,-84.88,1.51));
#2757 = CIRCLE('',#2758,0.5);
#2758 = AXIS2_PLACEMENT_3D('',#2759,#2760,#2761);
#2759 = CARTESIAN_POINT('',(137.625,-84.38,1.51));
#2760 = DIRECTION('',(-0.,0.,-1.));
#2761 = DIRECTION('',(-0.,-1.,0.));
#2762 = FACE_BOUND('',#2763,.T.);
#2763 = EDGE_LOOP('',(#2764));
#2764 = ORIENTED_EDGE('',*,*,#2765,.T.);
#2765 = EDGE_CURVE('',#2766,#2766,#2768,.T.);
#2766 = VERTEX_POINT('',#2767);
#2767 = CARTESIAN_POINT('',(151.,-89.77,1.51));
#2768 = CIRCLE('',#2769,0.5);
#2769 = AXIS2_PLACEMENT_3D('',#2770,#2771,#2772);
#2770 = CARTESIAN_POINT('',(151.,-89.27,1.51));
#2771 = DIRECTION('',(-0.,0.,-1.));
#2772 = DIRECTION('',(-0.,-1.,0.));
#2773 = FACE_BOUND('',#2774,.T.);
#2774 = EDGE_LOOP('',(#2775));
#2775 = ORIENTED_EDGE('',*,*,#2776,.T.);
#2776 = EDGE_CURVE('',#2777,#2777,#2779,.T.);
#2777 = VERTEX_POINT('',#2778);
#2778 = CARTESIAN_POINT('',(151.,-87.23,1.51));
#2779 = CIRCLE('',#2780,0.5);
#2780 = AXIS2_PLACEMENT_3D('',#2781,#2782,#2783);
#2781 = CARTESIAN_POINT('',(151.,-86.73,1.51));
#2782 = DIRECTION('',(-0.,0.,-1.));
#2783 = DIRECTION('',(-0.,-1.,0.));
#2784 = FACE_BOUND('',#2785,.T.);
#2785 = EDGE_LOOP('',(#2786));
#2786 = ORIENTED_EDGE('',*,*,#2787,.T.);
#2787 = EDGE_CURVE('',#2788,#2788,#2790,.T.);
#2788 = VERTEX_POINT('',#2789);
#2789 = CARTESIAN_POINT('',(151.,-84.69,1.51));
#2790 = CIRCLE('',#2791,0.5);
#2791 = AXIS2_PLACEMENT_3D('',#2792,#2793,#2794);
#2792 = CARTESIAN_POINT('',(151.,-84.19,1.51));
#2793 = DIRECTION('',(-0.,0.,-1.));
#2794 = DIRECTION('',(-0.,-1.,0.));
#2795 = FACE_BOUND('',#2796,.T.);
#2796 = EDGE_LOOP('',(#2797));
#2797 = ORIENTED_EDGE('',*,*,#2798,.T.);
#2798 = EDGE_CURVE('',#2799,#2799,#2801,.T.);
#2799 = VERTEX_POINT('',#2800);
#2800 = CARTESIAN_POINT('',(157.38,-105.93,1.51));
#2801 = CIRCLE('',#2802,0.85);
#2802 = AXIS2_PLACEMENT_3D('',#2803,#2804,#2805);
#2803 = CARTESIAN_POINT('',(157.38,-105.08,1.51));
#2804 = DIRECTION('',(-0.,0.,-1.));
#2805 = DIRECTION('',(-0.,-1.,0.));
#2806 = FACE_BOUND('',#2807,.T.);
#2807 = EDGE_LOOP('',(#2808));
#2808 = ORIENTED_EDGE('',*,*,#2809,.T.);
#2809 = EDGE_CURVE('',#2810,#2810,#2812,.T.);
#2810 = VERTEX_POINT('',#2811);
#2811 = CARTESIAN_POINT('',(162.46,-107.08,1.51));
#2812 = CIRCLE('',#2813,2.);
#2813 = AXIS2_PLACEMENT_3D('',#2814,#2815,#2816);
#2814 = CARTESIAN_POINT('',(162.46,-105.08,1.51));
#2815 = DIRECTION('',(-0.,0.,-1.));
#2816 = DIRECTION('',(-0.,-1.,0.));
#2817 = FACE_BOUND('',#2818,.T.);
#2818 = EDGE_LOOP('',(#2819));
#2819 = ORIENTED_EDGE('',*,*,#2820,.T.);
#2820 = EDGE_CURVE('',#2821,#2821,#2823,.T.);
#2821 = VERTEX_POINT('',#2822);
#2822 = CARTESIAN_POINT('',(158.65,-103.29,1.51));
#2823 = CIRCLE('',#2824,0.75);
#2824 = AXIS2_PLACEMENT_3D('',#2825,#2826,#2827);
#2825 = CARTESIAN_POINT('',(158.65,-102.54,1.51));
#2826 = DIRECTION('',(-0.,0.,-1.));
#2827 = DIRECTION('',(-0.,-1.,0.));
#2828 = FACE_BOUND('',#2829,.T.);
#2829 = EDGE_LOOP('',(#2830));
#2830 = ORIENTED_EDGE('',*,*,#2831,.T.);
#2831 = EDGE_CURVE('',#2832,#2832,#2834,.T.);
#2832 = VERTEX_POINT('',#2833);
#2833 = CARTESIAN_POINT('',(167.54,-105.93,1.51));
#2834 = CIRCLE('',#2835,0.85);
#2835 = AXIS2_PLACEMENT_3D('',#2836,#2837,#2838);
#2836 = CARTESIAN_POINT('',(167.54,-105.08,1.51));
#2837 = DIRECTION('',(-0.,0.,-1.));
#2838 = DIRECTION('',(-0.,-1.,0.));
#2839 = FACE_BOUND('',#2840,.T.);
#2840 = EDGE_LOOP('',(#2841));
#2841 = ORIENTED_EDGE('',*,*,#2842,.T.);
#2842 = EDGE_CURVE('',#2843,#2843,#2845,.T.);
#2843 = VERTEX_POINT('',#2844);
#2844 = CARTESIAN_POINT('',(165.,-100.75,1.51));
#2845 = CIRCLE('',#2846,0.75);
#2846 = AXIS2_PLACEMENT_3D('',#2847,#2848,#2849);
#2847 = CARTESIAN_POINT('',(165.,-100.,1.51));
#2848 = DIRECTION('',(-0.,0.,-1.));
#2849 = DIRECTION('',(-0.,-1.,0.));
#2850 = FACE_BOUND('',#2851,.T.);
#2851 = EDGE_LOOP('',(#2852));
#2852 = ORIENTED_EDGE('',*,*,#2853,.T.);
#2853 = EDGE_CURVE('',#2854,#2854,#2856,.T.);
#2854 = VERTEX_POINT('',#2855);
#2855 = CARTESIAN_POINT('',(175.5,-105.5,1.51));
#2856 = CIRCLE('',#2857,0.5);
#2857 = AXIS2_PLACEMENT_3D('',#2858,#2859,#2860);
#2858 = CARTESIAN_POINT('',(175.5,-105.,1.51));
#2859 = DIRECTION('',(-0.,0.,-1.));
#2860 = DIRECTION('',(-0.,-1.,0.));
#2861 = FACE_BOUND('',#2862,.T.);
#2862 = EDGE_LOOP('',(#2863));
#2863 = ORIENTED_EDGE('',*,*,#2864,.T.);
#2864 = EDGE_CURVE('',#2865,#2865,#2867,.T.);
#2865 = VERTEX_POINT('',#2866);
#2866 = CARTESIAN_POINT('',(175.5,-103.,1.51));
#2867 = CIRCLE('',#2868,0.5);
#2868 = AXIS2_PLACEMENT_3D('',#2869,#2870,#2871);
#2869 = CARTESIAN_POINT('',(175.5,-102.5,1.51));
#2870 = DIRECTION('',(-0.,0.,-1.));
#2871 = DIRECTION('',(-0.,-1.,0.));
#2872 = FACE_BOUND('',#2873,.T.);
#2873 = EDGE_LOOP('',(#2874));
#2874 = ORIENTED_EDGE('',*,*,#2875,.T.);
#2875 = EDGE_CURVE('',#2876,#2876,#2878,.T.);
#2876 = VERTEX_POINT('',#2877);
#2877 = CARTESIAN_POINT('',(190.,-103.,1.51));
#2878 = CIRCLE('',#2879,0.5);
#2879 = AXIS2_PLACEMENT_3D('',#2880,#2881,#2882);
#2880 = CARTESIAN_POINT('',(190.,-102.5,1.51));
#2881 = DIRECTION('',(-0.,0.,-1.));
#2882 = DIRECTION('',(-0.,-1.,0.));
#2883 = FACE_BOUND('',#2884,.T.);
#2884 = EDGE_LOOP('',(#2885,#2896,#2904,#2913));
#2885 = ORIENTED_EDGE('',*,*,#2886,.T.);
#2886 = EDGE_CURVE('',#2887,#2889,#2891,.T.);
#2887 = VERTEX_POINT('',#2888);
#2888 = CARTESIAN_POINT('',(183.65,-98.65,1.51));
#2889 = VERTEX_POINT('',#2890);
#2890 = CARTESIAN_POINT('',(183.65,-100.15,1.51));
#2891 = CIRCLE('',#2892,0.75);
#2892 = AXIS2_PLACEMENT_3D('',#2893,#2894,#2895);
#2893 = CARTESIAN_POINT('',(183.65,-99.4,1.51));
#2894 = DIRECTION('',(-0.,0.,-1.));
#2895 = DIRECTION('',(-0.,-1.,0.));
#2896 = ORIENTED_EDGE('',*,*,#2897,.T.);
#2897 = EDGE_CURVE('',#2889,#2898,#2900,.T.);
#2898 = VERTEX_POINT('',#2899);
#2899 = CARTESIAN_POINT('',(182.35,-100.15,1.51));
#2900 = LINE('',#2901,#2902);
#2901 = CARTESIAN_POINT('',(91.175,-100.15,1.51));
#2902 = VECTOR('',#2903,1.);
#2903 = DIRECTION('',(-1.,0.,0.));
#2904 = ORIENTED_EDGE('',*,*,#2905,.T.);
#2905 = EDGE_CURVE('',#2898,#2906,#2908,.T.);
#2906 = VERTEX_POINT('',#2907);
#2907 = CARTESIAN_POINT('',(182.35,-98.65,1.51));
#2908 = CIRCLE('',#2909,0.75);
#2909 = AXIS2_PLACEMENT_3D('',#2910,#2911,#2912);
#2910 = CARTESIAN_POINT('',(182.35,-99.4,1.51));
#2911 = DIRECTION('',(-0.,0.,-1.));
#2912 = DIRECTION('',(0.,1.,0.));
#2913 = ORIENTED_EDGE('',*,*,#2914,.T.);
#2914 = EDGE_CURVE('',#2906,#2887,#2915,.T.);
#2915 = LINE('',#2916,#2917);
#2916 = CARTESIAN_POINT('',(91.825,-98.65,1.51));
#2917 = VECTOR('',#2918,1.);
#2918 = DIRECTION('',(1.,0.,-0.));
#2919 = PLANE('',#2920);
#2920 = AXIS2_PLACEMENT_3D('',#2921,#2922,#2923);
#2921 = CARTESIAN_POINT('',(0.,0.,1.51));
#2922 = DIRECTION('',(0.,0.,1.));
#2923 = DIRECTION('',(1.,0.,-0.));
#2924 = ADVANCED_FACE('',(#2925),#2936,.T.);
#2925 = FACE_BOUND('',#2926,.T.);
#2926 = EDGE_LOOP('',(#2927,#2933,#2934,#2935));
#2927 = ORIENTED_EDGE('',*,*,#2928,.T.);
#2928 = EDGE_CURVE('',#1473,#2202,#2929,.T.);
#2929 = LINE('',#2930,#2931);
#2930 = CARTESIAN_POINT('',(114.,-83.,0.));
#2931 = VECTOR('',#2932,1.);
#2932 = DIRECTION('',(0.,0.,1.));
#2933 = ORIENTED_EDGE('',*,*,#2201,.T.);
#2934 = ORIENTED_EDGE('',*,*,#1408,.F.);
#2935 = ORIENTED_EDGE('',*,*,#1472,.F.);
#2936 = CYLINDRICAL_SURFACE('',#2937,1.99999850585);
#2937 = AXIS2_PLACEMENT_3D('',#2938,#2939,#2940);
#2938 = CARTESIAN_POINT('',(115.99999850585,-82.99999850585,0.));
#2939 = DIRECTION('',(0.,0.,-1.));
#2940 = DIRECTION('',(-1.,-7.470757491648E-07,-0.));
#2941 = ADVANCED_FACE('',(#2942),#2953,.T.);
#2942 = FACE_BOUND('',#2943,.T.);
#2943 = EDGE_LOOP('',(#2944,#2945,#2946,#2952));
#2944 = ORIENTED_EDGE('',*,*,#1448,.T.);
#2945 = ORIENTED_EDGE('',*,*,#2235,.T.);
#2946 = ORIENTED_EDGE('',*,*,#2947,.F.);
#2947 = EDGE_CURVE('',#1499,#2228,#2948,.T.);
#2948 = LINE('',#2949,#2950);
#2949 = CARTESIAN_POINT('',(191.5,-136.,0.));
#2950 = VECTOR('',#2951,1.);
#2951 = DIRECTION('',(0.,0.,1.));
#2952 = ORIENTED_EDGE('',*,*,#1506,.F.);
#2953 = CYLINDRICAL_SURFACE('',#2954,1.99999850585);
#2954 = AXIS2_PLACEMENT_3D('',#2955,#2956,#2957);
#2955 = CARTESIAN_POINT('',(191.50000149415,-134.0000014941,0.));
#2956 = DIRECTION('',(0.,0.,-1.));
#2957 = DIRECTION('',(1.,7.47075720743E-07,0.));
#2958 = ADVANCED_FACE('',(#2959),#2970,.T.);
#2959 = FACE_BOUND('',#2960,.T.);
#2960 = EDGE_LOOP('',(#2961,#2967,#2968,#2969));
#2961 = ORIENTED_EDGE('',*,*,#2962,.T.);
#2962 = EDGE_CURVE('',#1482,#2211,#2963,.T.);
#2963 = LINE('',#2964,#2965);
#2964 = CARTESIAN_POINT('',(114.,-134.,0.));
#2965 = VECTOR('',#2966,1.);
#2966 = DIRECTION('',(0.,0.,1.));
#2967 = ORIENTED_EDGE('',*,*,#2210,.T.);
#2968 = ORIENTED_EDGE('',*,*,#2928,.F.);
#2969 = ORIENTED_EDGE('',*,*,#1481,.F.);
#2970 = PLANE('',#2971);
#2971 = AXIS2_PLACEMENT_3D('',#2972,#2973,#2974);
#2972 = CARTESIAN_POINT('',(114.,-134.,0.));
#2973 = DIRECTION('',(-1.,0.,0.));
#2974 = DIRECTION('',(0.,1.,0.));
#2975 = ADVANCED_FACE('',(#2976),#2987,.T.);
#2976 = FACE_BOUND('',#2977,.T.);
#2977 = EDGE_LOOP('',(#2978,#2979,#2980,#2986));
#2978 = ORIENTED_EDGE('',*,*,#2947,.T.);
#2979 = ORIENTED_EDGE('',*,*,#2227,.T.);
#2980 = ORIENTED_EDGE('',*,*,#2981,.F.);
#2981 = EDGE_CURVE('',#1490,#2219,#2982,.T.);
#2982 = LINE('',#2983,#2984);
#2983 = CARTESIAN_POINT('',(116.,-136.,0.));
#2984 = VECTOR('',#2985,1.);
#2985 = DIRECTION('',(0.,0.,1.));
#2986 = ORIENTED_EDGE('',*,*,#1498,.F.);
#2987 = PLANE('',#2988);
#2988 = AXIS2_PLACEMENT_3D('',#2989,#2990,#2991);
#2989 = CARTESIAN_POINT('',(191.5,-136.,0.));
#2990 = DIRECTION('',(0.,-1.,0.));
#2991 = DIRECTION('',(-1.,0.,0.));
#2992 = ADVANCED_FACE('',(#2993),#2999,.T.);
#2993 = FACE_BOUND('',#2994,.T.);
#2994 = EDGE_LOOP('',(#2995,#2996,#2997,#2998));
#2995 = ORIENTED_EDGE('',*,*,#2981,.T.);
#2996 = ORIENTED_EDGE('',*,*,#2218,.T.);
#2997 = ORIENTED_EDGE('',*,*,#2962,.F.);
#2998 = ORIENTED_EDGE('',*,*,#1489,.F.);
#2999 = CYLINDRICAL_SURFACE('',#3000,1.99999850585);
#3000 = AXIS2_PLACEMENT_3D('',#3001,#3002,#3003);
#3001 = CARTESIAN_POINT('',(115.99999850585,-134.0000014941,0.));
#3002 = DIRECTION('',(0.,0.,-1.));
#3003 = DIRECTION('',(7.470757349539E-07,-1.,0.));
#3004 = ADVANCED_FACE('',(#3005),#3016,.F.);
#3005 = FACE_BOUND('',#3006,.T.);
#3006 = EDGE_LOOP('',(#3007,#3008,#3014,#3015));
#3007 = ORIENTED_EDGE('',*,*,#1516,.T.);
#3008 = ORIENTED_EDGE('',*,*,#3009,.T.);
#3009 = EDGE_CURVE('',#1517,#2246,#3010,.T.);
#3010 = LINE('',#3011,#3012);
#3011 = CARTESIAN_POINT('',(119.,-129.71,-4.6E-02));
#3012 = VECTOR('',#3013,1.);
#3013 = DIRECTION('',(0.,0.,1.));
#3014 = ORIENTED_EDGE('',*,*,#2245,.F.);
#3015 = ORIENTED_EDGE('',*,*,#3009,.F.);
#3016 = CYLINDRICAL_SURFACE('',#3017,0.4);
#3017 = AXIS2_PLACEMENT_3D('',#3018,#3019,#3020);
#3018 = CARTESIAN_POINT('',(119.,-129.31,-4.6E-02));
#3019 = DIRECTION('',(-0.,-0.,-1.));
#3020 = DIRECTION('',(-0.,-1.,0.));
#3021 = ADVANCED_FACE('',(#3022),#3033,.F.);
#3022 = FACE_BOUND('',#3023,.T.);
#3023 = EDGE_LOOP('',(#3024,#3025,#3031,#3032));
#3024 = ORIENTED_EDGE('',*,*,#1527,.T.);
#3025 = ORIENTED_EDGE('',*,*,#3026,.T.);
#3026 = EDGE_CURVE('',#1528,#2257,#3027,.T.);
#3027 = LINE('',#3028,#3029);
#3028 = CARTESIAN_POINT('',(122.5,-129.71,-4.6E-02));
#3029 = VECTOR('',#3030,1.);
#3030 = DIRECTION('',(0.,0.,1.));
#3031 = ORIENTED_EDGE('',*,*,#2256,.F.);
#3032 = ORIENTED_EDGE('',*,*,#3026,.F.);
#3033 = CYLINDRICAL_SURFACE('',#3034,0.4);
#3034 = AXIS2_PLACEMENT_3D('',#3035,#3036,#3037);
#3035 = CARTESIAN_POINT('',(122.5,-129.31,-4.6E-02));
#3036 = DIRECTION('',(-0.,-0.,-1.));
#3037 = DIRECTION('',(-0.,-1.,0.));
#3038 = ADVANCED_FACE('',(#3039),#3050,.F.);
#3039 = FACE_BOUND('',#3040,.T.);
#3040 = EDGE_LOOP('',(#3041,#3042,#3048,#3049));
#3041 = ORIENTED_EDGE('',*,*,#1538,.T.);
#3042 = ORIENTED_EDGE('',*,*,#3043,.T.);
#3043 = EDGE_CURVE('',#1539,#2268,#3044,.T.);
#3044 = LINE('',#3045,#3046);
#3045 = CARTESIAN_POINT('',(126.,-129.71,-4.6E-02));
#3046 = VECTOR('',#3047,1.);
#3047 = DIRECTION('',(0.,0.,1.));
#3048 = ORIENTED_EDGE('',*,*,#2267,.F.);
#3049 = ORIENTED_EDGE('',*,*,#3043,.F.);
#3050 = CYLINDRICAL_SURFACE('',#3051,0.4);
#3051 = AXIS2_PLACEMENT_3D('',#3052,#3053,#3054);
#3052 = CARTESIAN_POINT('',(126.,-129.31,-4.6E-02));
#3053 = DIRECTION('',(-0.,-0.,-1.));
#3054 = DIRECTION('',(-0.,-1.,0.));
#3055 = ADVANCED_FACE('',(#3056),#3067,.F.);
#3056 = FACE_BOUND('',#3057,.T.);
#3057 = EDGE_LOOP('',(#3058,#3059,#3065,#3066));
#3058 = ORIENTED_EDGE('',*,*,#1549,.T.);
#3059 = ORIENTED_EDGE('',*,*,#3060,.T.);
#3060 = EDGE_CURVE('',#1550,#2279,#3061,.T.);
#3061 = LINE('',#3062,#3063);
#3062 = CARTESIAN_POINT('',(130.,-129.71,-4.6E-02));
#3063 = VECTOR('',#3064,1.);
#3064 = DIRECTION('',(0.,0.,1.));
#3065 = ORIENTED_EDGE('',*,*,#2278,.F.);
#3066 = ORIENTED_EDGE('',*,*,#3060,.F.);
#3067 = CYLINDRICAL_SURFACE('',#3068,0.4);
#3068 = AXIS2_PLACEMENT_3D('',#3069,#3070,#3071);
#3069 = CARTESIAN_POINT('',(130.,-129.31,-4.6E-02));
#3070 = DIRECTION('',(-0.,-0.,-1.));
#3071 = DIRECTION('',(-0.,-1.,0.));
#3072 = ADVANCED_FACE('',(#3073),#3084,.F.);
#3073 = FACE_BOUND('',#3074,.T.);
#3074 = EDGE_LOOP('',(#3075,#3076,#3082,#3083));
#3075 = ORIENTED_EDGE('',*,*,#1560,.T.);
#3076 = ORIENTED_EDGE('',*,*,#3077,.T.);
#3077 = EDGE_CURVE('',#1561,#2290,#3078,.T.);
#3078 = LINE('',#3079,#3080);
#3079 = CARTESIAN_POINT('',(119.,-122.09,-4.6E-02));
#3080 = VECTOR('',#3081,1.);
#3081 = DIRECTION('',(0.,0.,1.));
#3082 = ORIENTED_EDGE('',*,*,#2289,.F.);
#3083 = ORIENTED_EDGE('',*,*,#3077,.F.);
#3084 = CYLINDRICAL_SURFACE('',#3085,0.4);
#3085 = AXIS2_PLACEMENT_3D('',#3086,#3087,#3088);
#3086 = CARTESIAN_POINT('',(119.,-121.69,-4.6E-02));
#3087 = DIRECTION('',(-0.,-0.,-1.));
#3088 = DIRECTION('',(-0.,-1.,0.));
#3089 = ADVANCED_FACE('',(#3090),#3101,.F.);
#3090 = FACE_BOUND('',#3091,.T.);
#3091 = EDGE_LOOP('',(#3092,#3093,#3099,#3100));
#3092 = ORIENTED_EDGE('',*,*,#1571,.T.);
#3093 = ORIENTED_EDGE('',*,*,#3094,.T.);
#3094 = EDGE_CURVE('',#1572,#2301,#3095,.T.);
#3095 = LINE('',#3096,#3097);
#3096 = CARTESIAN_POINT('',(122.5,-122.09,-4.6E-02));
#3097 = VECTOR('',#3098,1.);
#3098 = DIRECTION('',(0.,0.,1.));
#3099 = ORIENTED_EDGE('',*,*,#2300,.F.);
#3100 = ORIENTED_EDGE('',*,*,#3094,.F.);
#3101 = CYLINDRICAL_SURFACE('',#3102,0.4);
#3102 = AXIS2_PLACEMENT_3D('',#3103,#3104,#3105);
#3103 = CARTESIAN_POINT('',(122.5,-121.69,-4.6E-02));
#3104 = DIRECTION('',(-0.,-0.,-1.));
#3105 = DIRECTION('',(-0.,-1.,0.));
#3106 = ADVANCED_FACE('',(#3107),#3118,.F.);
#3107 = FACE_BOUND('',#3108,.T.);
#3108 = EDGE_LOOP('',(#3109,#3110,#3116,#3117));
#3109 = ORIENTED_EDGE('',*,*,#1582,.T.);
#3110 = ORIENTED_EDGE('',*,*,#3111,.T.);
#3111 = EDGE_CURVE('',#1583,#2312,#3112,.T.);
#3112 = LINE('',#3113,#3114);
#3113 = CARTESIAN_POINT('',(126.,-122.09,-4.6E-02));
#3114 = VECTOR('',#3115,1.);
#3115 = DIRECTION('',(0.,0.,1.));
#3116 = ORIENTED_EDGE('',*,*,#2311,.F.);
#3117 = ORIENTED_EDGE('',*,*,#3111,.F.);
#3118 = CYLINDRICAL_SURFACE('',#3119,0.4);
#3119 = AXIS2_PLACEMENT_3D('',#3120,#3121,#3122);
#3120 = CARTESIAN_POINT('',(126.,-121.69,-4.6E-02));
#3121 = DIRECTION('',(-0.,-0.,-1.));
#3122 = DIRECTION('',(-0.,-1.,0.));
#3123 = ADVANCED_FACE('',(#3124),#3135,.F.);
#3124 = FACE_BOUND('',#3125,.T.);
#3125 = EDGE_LOOP('',(#3126,#3127,#3133,#3134));
#3126 = ORIENTED_EDGE('',*,*,#1593,.T.);
#3127 = ORIENTED_EDGE('',*,*,#3128,.T.);
#3128 = EDGE_CURVE('',#1594,#2323,#3129,.T.);
#3129 = LINE('',#3130,#3131);
#3130 = CARTESIAN_POINT('',(130.,-122.09,-4.6E-02));
#3131 = VECTOR('',#3132,1.);
#3132 = DIRECTION('',(0.,0.,1.));
#3133 = ORIENTED_EDGE('',*,*,#2322,.F.);
#3134 = ORIENTED_EDGE('',*,*,#3128,.F.);
#3135 = CYLINDRICAL_SURFACE('',#3136,0.4);
#3136 = AXIS2_PLACEMENT_3D('',#3137,#3138,#3139);
#3137 = CARTESIAN_POINT('',(130.,-121.69,-4.6E-02));
#3138 = DIRECTION('',(-0.,-0.,-1.));
#3139 = DIRECTION('',(-0.,-1.,0.));
#3140 = ADVANCED_FACE('',(#3141),#3152,.F.);
#3141 = FACE_BOUND('',#3142,.T.);
#3142 = EDGE_LOOP('',(#3143,#3144,#3150,#3151));
#3143 = ORIENTED_EDGE('',*,*,#1604,.T.);
#3144 = ORIENTED_EDGE('',*,*,#3145,.T.);
#3145 = EDGE_CURVE('',#1605,#2334,#3146,.T.);
#3146 = LINE('',#3147,#3148);
#3147 = CARTESIAN_POINT('',(137.38,-125.93,-4.6E-02));
#3148 = VECTOR('',#3149,1.);
#3149 = DIRECTION('',(0.,0.,1.));
#3150 = ORIENTED_EDGE('',*,*,#2333,.F.);
#3151 = ORIENTED_EDGE('',*,*,#3145,.F.);
#3152 = CYLINDRICAL_SURFACE('',#3153,0.85);
#3153 = AXIS2_PLACEMENT_3D('',#3154,#3155,#3156);
#3154 = CARTESIAN_POINT('',(137.38,-125.08,-4.6E-02));
#3155 = DIRECTION('',(-0.,-0.,-1.));
#3156 = DIRECTION('',(-0.,-1.,0.));
#3157 = ADVANCED_FACE('',(#3158),#3169,.F.);
#3158 = FACE_BOUND('',#3159,.T.);
#3159 = EDGE_LOOP('',(#3160,#3161,#3167,#3168));
#3160 = ORIENTED_EDGE('',*,*,#1615,.T.);
#3161 = ORIENTED_EDGE('',*,*,#3162,.T.);
#3162 = EDGE_CURVE('',#1616,#2345,#3163,.T.);
#3163 = LINE('',#3164,#3165);
#3164 = CARTESIAN_POINT('',(142.46,-127.08,-4.6E-02));
#3165 = VECTOR('',#3166,1.);
#3166 = DIRECTION('',(0.,0.,1.));
#3167 = ORIENTED_EDGE('',*,*,#2344,.F.);
#3168 = ORIENTED_EDGE('',*,*,#3162,.F.);
#3169 = CYLINDRICAL_SURFACE('',#3170,2.);
#3170 = AXIS2_PLACEMENT_3D('',#3171,#3172,#3173);
#3171 = CARTESIAN_POINT('',(142.46,-125.08,-4.6E-02));
#3172 = DIRECTION('',(-0.,-0.,-1.));
#3173 = DIRECTION('',(-0.,-1.,0.));
#3174 = ADVANCED_FACE('',(#3175),#3186,.F.);
#3175 = FACE_BOUND('',#3176,.T.);
#3176 = EDGE_LOOP('',(#3177,#3178,#3184,#3185));
#3177 = ORIENTED_EDGE('',*,*,#1626,.T.);
#3178 = ORIENTED_EDGE('',*,*,#3179,.T.);
#3179 = EDGE_CURVE('',#1627,#2356,#3180,.T.);
#3180 = LINE('',#3181,#3182);
#3181 = CARTESIAN_POINT('',(147.54,-125.93,-4.6E-02));
#3182 = VECTOR('',#3183,1.);
#3183 = DIRECTION('',(0.,0.,1.));
#3184 = ORIENTED_EDGE('',*,*,#2355,.F.);
#3185 = ORIENTED_EDGE('',*,*,#3179,.F.);
#3186 = CYLINDRICAL_SURFACE('',#3187,0.85);
#3187 = AXIS2_PLACEMENT_3D('',#3188,#3189,#3190);
#3188 = CARTESIAN_POINT('',(147.54,-125.08,-4.6E-02));
#3189 = DIRECTION('',(-0.,-0.,-1.));
#3190 = DIRECTION('',(-0.,-1.,0.));
#3191 = ADVANCED_FACE('',(#3192),#3203,.F.);
#3192 = FACE_BOUND('',#3193,.T.);
#3193 = EDGE_LOOP('',(#3194,#3195,#3201,#3202));
#3194 = ORIENTED_EDGE('',*,*,#1637,.T.);
#3195 = ORIENTED_EDGE('',*,*,#3196,.T.);
#3196 = EDGE_CURVE('',#1638,#2367,#3197,.T.);
#3197 = LINE('',#3198,#3199);
#3198 = CARTESIAN_POINT('',(138.65,-123.29,-4.6E-02));
#3199 = VECTOR('',#3200,1.);
#3200 = DIRECTION('',(0.,0.,1.));
#3201 = ORIENTED_EDGE('',*,*,#2366,.F.);
#3202 = ORIENTED_EDGE('',*,*,#3196,.F.);
#3203 = CYLINDRICAL_SURFACE('',#3204,0.75);
#3204 = AXIS2_PLACEMENT_3D('',#3205,#3206,#3207);
#3205 = CARTESIAN_POINT('',(138.65,-122.54,-4.6E-02));
#3206 = DIRECTION('',(-0.,-0.,-1.));
#3207 = DIRECTION('',(-0.,-1.,0.));
#3208 = ADVANCED_FACE('',(#3209),#3220,.F.);
#3209 = FACE_BOUND('',#3210,.T.);
#3210 = EDGE_LOOP('',(#3211,#3212,#3218,#3219));
#3211 = ORIENTED_EDGE('',*,*,#1648,.T.);
#3212 = ORIENTED_EDGE('',*,*,#3213,.T.);
#3213 = EDGE_CURVE('',#1649,#2378,#3214,.T.);
#3214 = LINE('',#3215,#3216);
#3215 = CARTESIAN_POINT('',(145.,-120.75,-4.6E-02));
#3216 = VECTOR('',#3217,1.);
#3217 = DIRECTION('',(0.,0.,1.));
#3218 = ORIENTED_EDGE('',*,*,#2377,.F.);
#3219 = ORIENTED_EDGE('',*,*,#3213,.F.);
#3220 = CYLINDRICAL_SURFACE('',#3221,0.75);
#3221 = AXIS2_PLACEMENT_3D('',#3222,#3223,#3224);
#3222 = CARTESIAN_POINT('',(145.,-120.,-4.6E-02));
#3223 = DIRECTION('',(-0.,-0.,-1.));
#3224 = DIRECTION('',(-0.,-1.,0.));
#3225 = ADVANCED_FACE('',(#3226),#3237,.F.);
#3226 = FACE_BOUND('',#3227,.T.);
#3227 = EDGE_LOOP('',(#3228,#3229,#3235,#3236));
#3228 = ORIENTED_EDGE('',*,*,#1659,.T.);
#3229 = ORIENTED_EDGE('',*,*,#3230,.T.);
#3230 = EDGE_CURVE('',#1660,#2389,#3231,.T.);
#3231 = LINE('',#3232,#3233);
#3232 = CARTESIAN_POINT('',(118.23,-107.845,-4.6E-02));
#3233 = VECTOR('',#3234,1.);
#3234 = DIRECTION('',(0.,0.,1.));
#3235 = ORIENTED_EDGE('',*,*,#2388,.F.);
#3236 = ORIENTED_EDGE('',*,*,#3230,.F.);
#3237 = CYLINDRICAL_SURFACE('',#3238,0.45);
#3238 = AXIS2_PLACEMENT_3D('',#3239,#3240,#3241);
#3239 = CARTESIAN_POINT('',(118.23,-107.395,-4.6E-02));
#3240 = DIRECTION('',(-0.,-0.,-1.));
#3241 = DIRECTION('',(-0.,-1.,0.));
#3242 = ADVANCED_FACE('',(#3243),#3254,.F.);
#3243 = FACE_BOUND('',#3244,.T.);
#3244 = EDGE_LOOP('',(#3245,#3246,#3252,#3253));
#3245 = ORIENTED_EDGE('',*,*,#1670,.T.);
#3246 = ORIENTED_EDGE('',*,*,#3247,.T.);
#3247 = EDGE_CURVE('',#1671,#2400,#3248,.T.);
#3248 = LINE('',#3249,#3250);
#3249 = CARTESIAN_POINT('',(120.77,-107.845,-4.6E-02));
#3250 = VECTOR('',#3251,1.);
#3251 = DIRECTION('',(0.,0.,1.));
#3252 = ORIENTED_EDGE('',*,*,#2399,.F.);
#3253 = ORIENTED_EDGE('',*,*,#3247,.F.);
#3254 = CYLINDRICAL_SURFACE('',#3255,0.45);
#3255 = AXIS2_PLACEMENT_3D('',#3256,#3257,#3258);
#3256 = CARTESIAN_POINT('',(120.77,-107.395,-4.6E-02));
#3257 = DIRECTION('',(-0.,-0.,-1.));
#3258 = DIRECTION('',(-0.,-1.,0.));
#3259 = ADVANCED_FACE('',(#3260),#3271,.F.);
#3260 = FACE_BOUND('',#3261,.T.);
#3261 = EDGE_LOOP('',(#3262,#3263,#3269,#3270));
#3262 = ORIENTED_EDGE('',*,*,#1681,.T.);
#3263 = ORIENTED_EDGE('',*,*,#3264,.T.);
#3264 = EDGE_CURVE('',#1682,#2411,#3265,.T.);
#3265 = LINE('',#3266,#3267);
#3266 = CARTESIAN_POINT('',(128.5,-112.4,-4.6E-02));
#3267 = VECTOR('',#3268,1.);
#3268 = DIRECTION('',(0.,0.,1.));
#3269 = ORIENTED_EDGE('',*,*,#2410,.F.);
#3270 = ORIENTED_EDGE('',*,*,#3264,.F.);
#3271 = CYLINDRICAL_SURFACE('',#3272,0.4);
#3272 = AXIS2_PLACEMENT_3D('',#3273,#3274,#3275);
#3273 = CARTESIAN_POINT('',(128.5,-112.,-4.6E-02));
#3274 = DIRECTION('',(-0.,-0.,-1.));
#3275 = DIRECTION('',(-0.,-1.,0.));
#3276 = ADVANCED_FACE('',(#3277),#3288,.F.);
#3277 = FACE_BOUND('',#3278,.T.);
#3278 = EDGE_LOOP('',(#3279,#3280,#3286,#3287));
#3279 = ORIENTED_EDGE('',*,*,#1692,.T.);
#3280 = ORIENTED_EDGE('',*,*,#3281,.T.);
#3281 = EDGE_CURVE('',#1693,#2422,#3282,.T.);
#3282 = LINE('',#3283,#3284);
#3283 = CARTESIAN_POINT('',(128.5,-107.32,-4.6E-02));
#3284 = VECTOR('',#3285,1.);
#3285 = DIRECTION('',(0.,0.,1.));
#3286 = ORIENTED_EDGE('',*,*,#2421,.F.);
#3287 = ORIENTED_EDGE('',*,*,#3281,.F.);
#3288 = CYLINDRICAL_SURFACE('',#3289,0.4);
#3289 = AXIS2_PLACEMENT_3D('',#3290,#3291,#3292);
#3290 = CARTESIAN_POINT('',(128.5,-106.92,-4.6E-02));
#3291 = DIRECTION('',(-0.,-0.,-1.));
#3292 = DIRECTION('',(-0.,-1.,0.));
#3293 = ADVANCED_FACE('',(#3294),#3305,.F.);
#3294 = FACE_BOUND('',#3295,.T.);
#3295 = EDGE_LOOP('',(#3296,#3297,#3303,#3304));
#3296 = ORIENTED_EDGE('',*,*,#1703,.T.);
#3297 = ORIENTED_EDGE('',*,*,#3298,.T.);
#3298 = EDGE_CURVE('',#1704,#2433,#3299,.T.);
#3299 = LINE('',#3300,#3301);
#3300 = CARTESIAN_POINT('',(157.38,-125.93,-4.6E-02));
#3301 = VECTOR('',#3302,1.);
#3302 = DIRECTION('',(0.,0.,1.));
#3303 = ORIENTED_EDGE('',*,*,#2432,.F.);
#3304 = ORIENTED_EDGE('',*,*,#3298,.F.);
#3305 = CYLINDRICAL_SURFACE('',#3306,0.85);
#3306 = AXIS2_PLACEMENT_3D('',#3307,#3308,#3309);
#3307 = CARTESIAN_POINT('',(157.38,-125.08,-4.6E-02));
#3308 = DIRECTION('',(-0.,-0.,-1.));
#3309 = DIRECTION('',(-0.,-1.,0.));
#3310 = ADVANCED_FACE('',(#3311),#3322,.F.);
#3311 = FACE_BOUND('',#3312,.T.);
#3312 = EDGE_LOOP('',(#3313,#3314,#3320,#3321));
#3313 = ORIENTED_EDGE('',*,*,#1714,.T.);
#3314 = ORIENTED_EDGE('',*,*,#3315,.T.);
#3315 = EDGE_CURVE('',#1715,#2444,#3316,.T.);
#3316 = LINE('',#3317,#3318);
#3317 = CARTESIAN_POINT('',(162.46,-127.08,-4.6E-02));
#3318 = VECTOR('',#3319,1.);
#3319 = DIRECTION('',(0.,0.,1.));
#3320 = ORIENTED_EDGE('',*,*,#2443,.F.);
#3321 = ORIENTED_EDGE('',*,*,#3315,.F.);
#3322 = CYLINDRICAL_SURFACE('',#3323,2.);
#3323 = AXIS2_PLACEMENT_3D('',#3324,#3325,#3326);
#3324 = CARTESIAN_POINT('',(162.46,-125.08,-4.6E-02));
#3325 = DIRECTION('',(-0.,-0.,-1.));
#3326 = DIRECTION('',(-0.,-1.,0.));
#3327 = ADVANCED_FACE('',(#3328),#3339,.F.);
#3328 = FACE_BOUND('',#3329,.T.);
#3329 = EDGE_LOOP('',(#3330,#3331,#3337,#3338));
#3330 = ORIENTED_EDGE('',*,*,#1725,.T.);
#3331 = ORIENTED_EDGE('',*,*,#3332,.T.);
#3332 = EDGE_CURVE('',#1726,#2455,#3333,.T.);
#3333 = LINE('',#3334,#3335);
#3334 = CARTESIAN_POINT('',(167.54,-125.93,-4.6E-02));
#3335 = VECTOR('',#3336,1.);
#3336 = DIRECTION('',(0.,0.,1.));
#3337 = ORIENTED_EDGE('',*,*,#2454,.F.);
#3338 = ORIENTED_EDGE('',*,*,#3332,.F.);
#3339 = CYLINDRICAL_SURFACE('',#3340,0.85);
#3340 = AXIS2_PLACEMENT_3D('',#3341,#3342,#3343);
#3341 = CARTESIAN_POINT('',(167.54,-125.08,-4.6E-02));
#3342 = DIRECTION('',(-0.,-0.,-1.));
#3343 = DIRECTION('',(-0.,-1.,0.));
#3344 = ADVANCED_FACE('',(#3345),#3356,.F.);
#3345 = FACE_BOUND('',#3346,.T.);
#3346 = EDGE_LOOP('',(#3347,#3348,#3354,#3355));
#3347 = ORIENTED_EDGE('',*,*,#1736,.T.);
#3348 = ORIENTED_EDGE('',*,*,#3349,.T.);
#3349 = EDGE_CURVE('',#1737,#2466,#3350,.T.);
#3350 = LINE('',#3351,#3352);
#3351 = CARTESIAN_POINT('',(158.65,-123.29,-4.6E-02));
#3352 = VECTOR('',#3353,1.);
#3353 = DIRECTION('',(0.,0.,1.));
#3354 = ORIENTED_EDGE('',*,*,#2465,.F.);
#3355 = ORIENTED_EDGE('',*,*,#3349,.F.);
#3356 = CYLINDRICAL_SURFACE('',#3357,0.75);
#3357 = AXIS2_PLACEMENT_3D('',#3358,#3359,#3360);
#3358 = CARTESIAN_POINT('',(158.65,-122.54,-4.6E-02));
#3359 = DIRECTION('',(-0.,-0.,-1.));
#3360 = DIRECTION('',(-0.,-1.,0.));
#3361 = ADVANCED_FACE('',(#3362),#3373,.F.);
#3362 = FACE_BOUND('',#3363,.T.);
#3363 = EDGE_LOOP('',(#3364,#3365,#3371,#3372));
#3364 = ORIENTED_EDGE('',*,*,#1747,.T.);
#3365 = ORIENTED_EDGE('',*,*,#3366,.T.);
#3366 = EDGE_CURVE('',#1748,#2477,#3367,.T.);
#3367 = LINE('',#3368,#3369);
#3368 = CARTESIAN_POINT('',(165.,-120.75,-4.6E-02));
#3369 = VECTOR('',#3370,1.);
#3370 = DIRECTION('',(0.,0.,1.));
#3371 = ORIENTED_EDGE('',*,*,#2476,.F.);
#3372 = ORIENTED_EDGE('',*,*,#3366,.F.);
#3373 = CYLINDRICAL_SURFACE('',#3374,0.75);
#3374 = AXIS2_PLACEMENT_3D('',#3375,#3376,#3377);
#3375 = CARTESIAN_POINT('',(165.,-120.,-4.6E-02));
#3376 = DIRECTION('',(-0.,-0.,-1.));
#3377 = DIRECTION('',(-0.,-1.,0.));
#3378 = ADVANCED_FACE('',(#3379),#3390,.F.);
#3379 = FACE_BOUND('',#3380,.T.);
#3380 = EDGE_LOOP('',(#3381,#3382,#3388,#3389));
#3381 = ORIENTED_EDGE('',*,*,#1758,.T.);
#3382 = ORIENTED_EDGE('',*,*,#3383,.T.);
#3383 = EDGE_CURVE('',#1759,#2488,#3384,.T.);
#3384 = LINE('',#3385,#3386);
#3385 = CARTESIAN_POINT('',(177.38,-125.93,-4.6E-02));
#3386 = VECTOR('',#3387,1.);
#3387 = DIRECTION('',(0.,0.,1.));
#3388 = ORIENTED_EDGE('',*,*,#2487,.F.);
#3389 = ORIENTED_EDGE('',*,*,#3383,.F.);
#3390 = CYLINDRICAL_SURFACE('',#3391,0.85);
#3391 = AXIS2_PLACEMENT_3D('',#3392,#3393,#3394);
#3392 = CARTESIAN_POINT('',(177.38,-125.08,-4.6E-02));
#3393 = DIRECTION('',(-0.,-0.,-1.));
#3394 = DIRECTION('',(-0.,-1.,0.));
#3395 = ADVANCED_FACE('',(#3396),#3407,.F.);
#3396 = FACE_BOUND('',#3397,.T.);
#3397 = EDGE_LOOP('',(#3398,#3399,#3405,#3406));
#3398 = ORIENTED_EDGE('',*,*,#1769,.T.);
#3399 = ORIENTED_EDGE('',*,*,#3400,.T.);
#3400 = EDGE_CURVE('',#1770,#2499,#3401,.T.);
#3401 = LINE('',#3402,#3403);
#3402 = CARTESIAN_POINT('',(182.46,-127.08,-4.6E-02));
#3403 = VECTOR('',#3404,1.);
#3404 = DIRECTION('',(0.,0.,1.));
#3405 = ORIENTED_EDGE('',*,*,#2498,.F.);
#3406 = ORIENTED_EDGE('',*,*,#3400,.F.);
#3407 = CYLINDRICAL_SURFACE('',#3408,2.);
#3408 = AXIS2_PLACEMENT_3D('',#3409,#3410,#3411);
#3409 = CARTESIAN_POINT('',(182.46,-125.08,-4.6E-02));
#3410 = DIRECTION('',(-0.,-0.,-1.));
#3411 = DIRECTION('',(-0.,-1.,0.));
#3412 = ADVANCED_FACE('',(#3413),#3424,.F.);
#3413 = FACE_BOUND('',#3414,.T.);
#3414 = EDGE_LOOP('',(#3415,#3416,#3422,#3423));
#3415 = ORIENTED_EDGE('',*,*,#1780,.T.);
#3416 = ORIENTED_EDGE('',*,*,#3417,.T.);
#3417 = EDGE_CURVE('',#1781,#2510,#3418,.T.);
#3418 = LINE('',#3419,#3420);
#3419 = CARTESIAN_POINT('',(187.54,-125.93,-4.6E-02));
#3420 = VECTOR('',#3421,1.);
#3421 = DIRECTION('',(0.,0.,1.));
#3422 = ORIENTED_EDGE('',*,*,#2509,.F.);
#3423 = ORIENTED_EDGE('',*,*,#3417,.F.);
#3424 = CYLINDRICAL_SURFACE('',#3425,0.85);
#3425 = AXIS2_PLACEMENT_3D('',#3426,#3427,#3428);
#3426 = CARTESIAN_POINT('',(187.54,-125.08,-4.6E-02));
#3427 = DIRECTION('',(-0.,-0.,-1.));
#3428 = DIRECTION('',(-0.,-1.,0.));
#3429 = ADVANCED_FACE('',(#3430),#3441,.F.);
#3430 = FACE_BOUND('',#3431,.T.);
#3431 = EDGE_LOOP('',(#3432,#3433,#3439,#3440));
#3432 = ORIENTED_EDGE('',*,*,#1791,.T.);
#3433 = ORIENTED_EDGE('',*,*,#3434,.T.);
#3434 = EDGE_CURVE('',#1792,#2521,#3435,.T.);
#3435 = LINE('',#3436,#3437);
#3436 = CARTESIAN_POINT('',(178.65,-123.29,-4.6E-02));
#3437 = VECTOR('',#3438,1.);
#3438 = DIRECTION('',(0.,0.,1.));
#3439 = ORIENTED_EDGE('',*,*,#2520,.F.);
#3440 = ORIENTED_EDGE('',*,*,#3434,.F.);
#3441 = CYLINDRICAL_SURFACE('',#3442,0.75);
#3442 = AXIS2_PLACEMENT_3D('',#3443,#3444,#3445);
#3443 = CARTESIAN_POINT('',(178.65,-122.54,-4.6E-02));
#3444 = DIRECTION('',(-0.,-0.,-1.));
#3445 = DIRECTION('',(-0.,-1.,0.));
#3446 = ADVANCED_FACE('',(#3447),#3458,.F.);
#3447 = FACE_BOUND('',#3448,.T.);
#3448 = EDGE_LOOP('',(#3449,#3450,#3456,#3457));
#3449 = ORIENTED_EDGE('',*,*,#1802,.T.);
#3450 = ORIENTED_EDGE('',*,*,#3451,.T.);
#3451 = EDGE_CURVE('',#1803,#2532,#3452,.T.);
#3452 = LINE('',#3453,#3454);
#3453 = CARTESIAN_POINT('',(185.,-120.75,-4.6E-02));
#3454 = VECTOR('',#3455,1.);
#3455 = DIRECTION('',(0.,0.,1.));
#3456 = ORIENTED_EDGE('',*,*,#2531,.F.);
#3457 = ORIENTED_EDGE('',*,*,#3451,.F.);
#3458 = CYLINDRICAL_SURFACE('',#3459,0.75);
#3459 = AXIS2_PLACEMENT_3D('',#3460,#3461,#3462);
#3460 = CARTESIAN_POINT('',(185.,-120.,-4.6E-02));
#3461 = DIRECTION('',(-0.,-0.,-1.));
#3462 = DIRECTION('',(-0.,-1.,0.));
#3463 = ADVANCED_FACE('',(#3464),#3475,.F.);
#3464 = FACE_BOUND('',#3465,.T.);
#3465 = EDGE_LOOP('',(#3466,#3467,#3473,#3474));
#3466 = ORIENTED_EDGE('',*,*,#1813,.T.);
#3467 = ORIENTED_EDGE('',*,*,#3468,.T.);
#3468 = EDGE_CURVE('',#1814,#2543,#3469,.T.);
#3469 = LINE('',#3470,#3471);
#3470 = CARTESIAN_POINT('',(175.5,-108.,-4.6E-02));
#3471 = VECTOR('',#3472,1.);
#3472 = DIRECTION('',(0.,0.,1.));
#3473 = ORIENTED_EDGE('',*,*,#2542,.F.);
#3474 = ORIENTED_EDGE('',*,*,#3468,.F.);
#3475 = CYLINDRICAL_SURFACE('',#3476,0.5);
#3476 = AXIS2_PLACEMENT_3D('',#3477,#3478,#3479);
#3477 = CARTESIAN_POINT('',(175.5,-107.5,-4.6E-02));
#3478 = DIRECTION('',(-0.,-0.,-1.));
#3479 = DIRECTION('',(-0.,-1.,0.));
#3480 = ADVANCED_FACE('',(#3481),#3497,.F.);
#3481 = FACE_BOUND('',#3482,.T.);
#3482 = EDGE_LOOP('',(#3483,#3484,#3490,#3491));
#3483 = ORIENTED_EDGE('',*,*,#1824,.T.);
#3484 = ORIENTED_EDGE('',*,*,#3485,.T.);
#3485 = EDGE_CURVE('',#1827,#2556,#3486,.T.);
#3486 = LINE('',#3487,#3488);
#3487 = CARTESIAN_POINT('',(183.65,-111.35,-4.6E-02));
#3488 = VECTOR('',#3489,1.);
#3489 = DIRECTION('',(0.,0.,1.));
#3490 = ORIENTED_EDGE('',*,*,#2553,.F.);
#3491 = ORIENTED_EDGE('',*,*,#3492,.F.);
#3492 = EDGE_CURVE('',#1825,#2554,#3493,.T.);
#3493 = LINE('',#3494,#3495);
#3494 = CARTESIAN_POINT('',(183.65,-109.85,-4.6E-02));
#3495 = VECTOR('',#3496,1.);
#3496 = DIRECTION('',(0.,0.,1.));
#3497 = CYLINDRICAL_SURFACE('',#3498,0.75);
#3498 = AXIS2_PLACEMENT_3D('',#3499,#3500,#3501);
#3499 = CARTESIAN_POINT('',(183.65,-110.6,-4.6E-02));
#3500 = DIRECTION('',(-0.,-0.,-1.));
#3501 = DIRECTION('',(-0.,-1.,0.));
#3502 = ADVANCED_FACE('',(#3503),#3514,.T.);
#3503 = FACE_BOUND('',#3504,.T.);
#3504 = EDGE_LOOP('',(#3505,#3506,#3507,#3508));
#3505 = ORIENTED_EDGE('',*,*,#1852,.T.);
#3506 = ORIENTED_EDGE('',*,*,#3492,.T.);
#3507 = ORIENTED_EDGE('',*,*,#2581,.F.);
#3508 = ORIENTED_EDGE('',*,*,#3509,.F.);
#3509 = EDGE_CURVE('',#1844,#2573,#3510,.T.);
#3510 = LINE('',#3511,#3512);
#3511 = CARTESIAN_POINT('',(182.35,-109.85,-4.6E-02));
#3512 = VECTOR('',#3513,1.);
#3513 = DIRECTION('',(0.,0.,1.));
#3514 = PLANE('',#3515);
#3515 = AXIS2_PLACEMENT_3D('',#3516,#3517,#3518);
#3516 = CARTESIAN_POINT('',(183.65,-109.85,-4.6E-02));
#3517 = DIRECTION('',(0.,-1.,0.));
#3518 = DIRECTION('',(-1.,0.,0.));
#3519 = ADVANCED_FACE('',(#3520),#3531,.F.);
#3520 = FACE_BOUND('',#3521,.T.);
#3521 = EDGE_LOOP('',(#3522,#3523,#3524,#3525));
#3522 = ORIENTED_EDGE('',*,*,#1843,.T.);
#3523 = ORIENTED_EDGE('',*,*,#3509,.T.);
#3524 = ORIENTED_EDGE('',*,*,#2572,.F.);
#3525 = ORIENTED_EDGE('',*,*,#3526,.F.);
#3526 = EDGE_CURVE('',#1836,#2565,#3527,.T.);
#3527 = LINE('',#3528,#3529);
#3528 = CARTESIAN_POINT('',(182.35,-111.35,-4.6E-02));
#3529 = VECTOR('',#3530,1.);
#3530 = DIRECTION('',(0.,0.,1.));
#3531 = CYLINDRICAL_SURFACE('',#3532,0.75);
#3532 = AXIS2_PLACEMENT_3D('',#3533,#3534,#3535);
#3533 = CARTESIAN_POINT('',(182.35,-110.6,-4.6E-02));
#3534 = DIRECTION('',(-0.,0.,-1.));
#3535 = DIRECTION('',(0.,1.,0.));
#3536 = ADVANCED_FACE('',(#3537),#3543,.T.);
#3537 = FACE_BOUND('',#3538,.T.);
#3538 = EDGE_LOOP('',(#3539,#3540,#3541,#3542));
#3539 = ORIENTED_EDGE('',*,*,#1835,.T.);
#3540 = ORIENTED_EDGE('',*,*,#3526,.T.);
#3541 = ORIENTED_EDGE('',*,*,#2564,.F.);
#3542 = ORIENTED_EDGE('',*,*,#3485,.F.);
#3543 = PLANE('',#3544);
#3544 = AXIS2_PLACEMENT_3D('',#3545,#3546,#3547);
#3545 = CARTESIAN_POINT('',(182.35,-111.35,-4.6E-02));
#3546 = DIRECTION('',(0.,1.,0.));
#3547 = DIRECTION('',(1.,0.,0.));
#3548 = ADVANCED_FACE('',(#3549),#3560,.F.);
#3549 = FACE_BOUND('',#3550,.T.);
#3550 = EDGE_LOOP('',(#3551,#3552,#3558,#3559));
#3551 = ORIENTED_EDGE('',*,*,#1860,.T.);
#3552 = ORIENTED_EDGE('',*,*,#3553,.T.);
#3553 = EDGE_CURVE('',#1861,#2590,#3554,.T.);
#3554 = LINE('',#3555,#3556);
#3555 = CARTESIAN_POINT('',(190.,-108.,-4.6E-02));
#3556 = VECTOR('',#3557,1.);
#3557 = DIRECTION('',(0.,0.,1.));
#3558 = ORIENTED_EDGE('',*,*,#2589,.F.);
#3559 = ORIENTED_EDGE('',*,*,#3553,.F.);
#3560 = CYLINDRICAL_SURFACE('',#3561,0.5);
#3561 = AXIS2_PLACEMENT_3D('',#3562,#3563,#3564);
#3562 = CARTESIAN_POINT('',(190.,-107.5,-4.6E-02));
#3563 = DIRECTION('',(-0.,-0.,-1.));
#3564 = DIRECTION('',(-0.,-1.,0.));
#3565 = ADVANCED_FACE('',(#3566),#3577,.F.);
#3566 = FACE_BOUND('',#3567,.T.);
#3567 = EDGE_LOOP('',(#3568,#3569,#3575,#3576));
#3568 = ORIENTED_EDGE('',*,*,#1871,.T.);
#3569 = ORIENTED_EDGE('',*,*,#3570,.T.);
#3570 = EDGE_CURVE('',#1872,#2601,#3571,.T.);
#3571 = LINE('',#3572,#3573);
#3572 = CARTESIAN_POINT('',(122.375,-100.12,-4.6E-02));
#3573 = VECTOR('',#3574,1.);
#3574 = DIRECTION('',(0.,0.,1.));
#3575 = ORIENTED_EDGE('',*,*,#2600,.F.);
#3576 = ORIENTED_EDGE('',*,*,#3570,.F.);
#3577 = CYLINDRICAL_SURFACE('',#3578,0.5);
#3578 = AXIS2_PLACEMENT_3D('',#3579,#3580,#3581);
#3579 = CARTESIAN_POINT('',(122.375,-99.62,-4.6E-02));
#3580 = DIRECTION('',(-0.,-0.,-1.));
#3581 = DIRECTION('',(-0.,-1.,0.));
#3582 = ADVANCED_FACE('',(#3583),#3594,.F.);
#3583 = FACE_BOUND('',#3584,.T.);
#3584 = EDGE_LOOP('',(#3585,#3586,#3592,#3593));
#3585 = ORIENTED_EDGE('',*,*,#1882,.T.);
#3586 = ORIENTED_EDGE('',*,*,#3587,.T.);
#3587 = EDGE_CURVE('',#1883,#2612,#3588,.T.);
#3588 = LINE('',#3589,#3590);
#3589 = CARTESIAN_POINT('',(122.375,-97.58,-4.6E-02));
#3590 = VECTOR('',#3591,1.);
#3591 = DIRECTION('',(0.,0.,1.));
#3592 = ORIENTED_EDGE('',*,*,#2611,.F.);
#3593 = ORIENTED_EDGE('',*,*,#3587,.F.);
#3594 = CYLINDRICAL_SURFACE('',#3595,0.5);
#3595 = AXIS2_PLACEMENT_3D('',#3596,#3597,#3598);
#3596 = CARTESIAN_POINT('',(122.375,-97.08,-4.6E-02));
#3597 = DIRECTION('',(-0.,-0.,-1.));
#3598 = DIRECTION('',(-0.,-1.,0.));
#3599 = ADVANCED_FACE('',(#3600),#3611,.F.);
#3600 = FACE_BOUND('',#3601,.T.);
#3601 = EDGE_LOOP('',(#3602,#3603,#3609,#3610));
#3602 = ORIENTED_EDGE('',*,*,#1893,.T.);
#3603 = ORIENTED_EDGE('',*,*,#3604,.T.);
#3604 = EDGE_CURVE('',#1894,#2623,#3605,.T.);
#3605 = LINE('',#3606,#3607);
#3606 = CARTESIAN_POINT('',(137.625,-100.12,-4.6E-02));
#3607 = VECTOR('',#3608,1.);
#3608 = DIRECTION('',(0.,0.,1.));
#3609 = ORIENTED_EDGE('',*,*,#2622,.F.);
#3610 = ORIENTED_EDGE('',*,*,#3604,.F.);
#3611 = CYLINDRICAL_SURFACE('',#3612,0.5);
#3612 = AXIS2_PLACEMENT_3D('',#3613,#3614,#3615);
#3613 = CARTESIAN_POINT('',(137.625,-99.62,-4.6E-02));
#3614 = DIRECTION('',(-0.,-0.,-1.));
#3615 = DIRECTION('',(-0.,-1.,0.));
#3616 = ADVANCED_FACE('',(#3617),#3628,.F.);
#3617 = FACE_BOUND('',#3618,.T.);
#3618 = EDGE_LOOP('',(#3619,#3620,#3626,#3627));
#3619 = ORIENTED_EDGE('',*,*,#1904,.T.);
#3620 = ORIENTED_EDGE('',*,*,#3621,.T.);
#3621 = EDGE_CURVE('',#1905,#2634,#3622,.T.);
#3622 = LINE('',#3623,#3624);
#3623 = CARTESIAN_POINT('',(137.625,-97.58,-4.6E-02));
#3624 = VECTOR('',#3625,1.);
#3625 = DIRECTION('',(0.,0.,1.));
#3626 = ORIENTED_EDGE('',*,*,#2633,.F.);
#3627 = ORIENTED_EDGE('',*,*,#3621,.F.);
#3628 = CYLINDRICAL_SURFACE('',#3629,0.5);
#3629 = AXIS2_PLACEMENT_3D('',#3630,#3631,#3632);
#3630 = CARTESIAN_POINT('',(137.625,-97.08,-4.6E-02));
#3631 = DIRECTION('',(-0.,-0.,-1.));
#3632 = DIRECTION('',(-0.,-1.,0.));
#3633 = ADVANCED_FACE('',(#3634),#3645,.F.);
#3634 = FACE_BOUND('',#3635,.T.);
#3635 = EDGE_LOOP('',(#3636,#3637,#3643,#3644));
#3636 = ORIENTED_EDGE('',*,*,#1915,.T.);
#3637 = ORIENTED_EDGE('',*,*,#3638,.T.);
#3638 = EDGE_CURVE('',#1916,#2645,#3639,.T.);
#3639 = LINE('',#3640,#3641);
#3640 = CARTESIAN_POINT('',(122.375,-95.04,-4.6E-02));
#3641 = VECTOR('',#3642,1.);
#3642 = DIRECTION('',(0.,0.,1.));
#3643 = ORIENTED_EDGE('',*,*,#2644,.F.);
#3644 = ORIENTED_EDGE('',*,*,#3638,.F.);
#3645 = CYLINDRICAL_SURFACE('',#3646,0.5);
#3646 = AXIS2_PLACEMENT_3D('',#3647,#3648,#3649);
#3647 = CARTESIAN_POINT('',(122.375,-94.54,-4.6E-02));
#3648 = DIRECTION('',(-0.,-0.,-1.));
#3649 = DIRECTION('',(-0.,-1.,0.));
#3650 = ADVANCED_FACE('',(#3651),#3662,.F.);
#3651 = FACE_BOUND('',#3652,.T.);
#3652 = EDGE_LOOP('',(#3653,#3654,#3660,#3661));
#3653 = ORIENTED_EDGE('',*,*,#1926,.T.);
#3654 = ORIENTED_EDGE('',*,*,#3655,.T.);
#3655 = EDGE_CURVE('',#1927,#2656,#3656,.T.);
#3656 = LINE('',#3657,#3658);
#3657 = CARTESIAN_POINT('',(122.375,-92.5,-4.6E-02));
#3658 = VECTOR('',#3659,1.);
#3659 = DIRECTION('',(0.,0.,1.));
#3660 = ORIENTED_EDGE('',*,*,#2655,.F.);
#3661 = ORIENTED_EDGE('',*,*,#3655,.F.);
#3662 = CYLINDRICAL_SURFACE('',#3663,0.5);
#3663 = AXIS2_PLACEMENT_3D('',#3664,#3665,#3666);
#3664 = CARTESIAN_POINT('',(122.375,-92.,-4.6E-02));
#3665 = DIRECTION('',(-0.,-0.,-1.));
#3666 = DIRECTION('',(-0.,-1.,0.));
#3667 = ADVANCED_FACE('',(#3668),#3679,.F.);
#3668 = FACE_BOUND('',#3669,.T.);
#3669 = EDGE_LOOP('',(#3670,#3671,#3677,#3678));
#3670 = ORIENTED_EDGE('',*,*,#1937,.T.);
#3671 = ORIENTED_EDGE('',*,*,#3672,.T.);
#3672 = EDGE_CURVE('',#1938,#2667,#3673,.T.);
#3673 = LINE('',#3674,#3675);
#3674 = CARTESIAN_POINT('',(122.375,-89.96,-4.6E-02));
#3675 = VECTOR('',#3676,1.);
#3676 = DIRECTION('',(0.,0.,1.));
#3677 = ORIENTED_EDGE('',*,*,#2666,.F.);
#3678 = ORIENTED_EDGE('',*,*,#3672,.F.);
#3679 = CYLINDRICAL_SURFACE('',#3680,0.5);
#3680 = AXIS2_PLACEMENT_3D('',#3681,#3682,#3683);
#3681 = CARTESIAN_POINT('',(122.375,-89.46,-4.6E-02));
#3682 = DIRECTION('',(-0.,-0.,-1.));
#3683 = DIRECTION('',(-0.,-1.,0.));
#3684 = ADVANCED_FACE('',(#3685),#3696,.F.);
#3685 = FACE_BOUND('',#3686,.T.);
#3686 = EDGE_LOOP('',(#3687,#3688,#3694,#3695));
#3687 = ORIENTED_EDGE('',*,*,#1948,.T.);
#3688 = ORIENTED_EDGE('',*,*,#3689,.T.);
#3689 = EDGE_CURVE('',#1949,#2678,#3690,.T.);
#3690 = LINE('',#3691,#3692);
#3691 = CARTESIAN_POINT('',(122.375,-87.42,-4.6E-02));
#3692 = VECTOR('',#3693,1.);
#3693 = DIRECTION('',(0.,0.,1.));
#3694 = ORIENTED_EDGE('',*,*,#2677,.F.);
#3695 = ORIENTED_EDGE('',*,*,#3689,.F.);
#3696 = CYLINDRICAL_SURFACE('',#3697,0.5);
#3697 = AXIS2_PLACEMENT_3D('',#3698,#3699,#3700);
#3698 = CARTESIAN_POINT('',(122.375,-86.92,-4.6E-02));
#3699 = DIRECTION('',(-0.,-0.,-1.));
#3700 = DIRECTION('',(-0.,-1.,0.));
#3701 = ADVANCED_FACE('',(#3702),#3713,.F.);
#3702 = FACE_BOUND('',#3703,.T.);
#3703 = EDGE_LOOP('',(#3704,#3705,#3711,#3712));
#3704 = ORIENTED_EDGE('',*,*,#1959,.T.);
#3705 = ORIENTED_EDGE('',*,*,#3706,.T.);
#3706 = EDGE_CURVE('',#1960,#2689,#3707,.T.);
#3707 = LINE('',#3708,#3709);
#3708 = CARTESIAN_POINT('',(122.375,-84.88,-4.6E-02));
#3709 = VECTOR('',#3710,1.);
#3710 = DIRECTION('',(0.,0.,1.));
#3711 = ORIENTED_EDGE('',*,*,#2688,.F.);
#3712 = ORIENTED_EDGE('',*,*,#3706,.F.);
#3713 = CYLINDRICAL_SURFACE('',#3714,0.5);
#3714 = AXIS2_PLACEMENT_3D('',#3715,#3716,#3717);
#3715 = CARTESIAN_POINT('',(122.375,-84.38,-4.6E-02));
#3716 = DIRECTION('',(-0.,-0.,-1.));
#3717 = DIRECTION('',(-0.,-1.,0.));
#3718 = ADVANCED_FACE('',(#3719),#3730,.F.);
#3719 = FACE_BOUND('',#3720,.T.);
#3720 = EDGE_LOOP('',(#3721,#3722,#3728,#3729));
#3721 = ORIENTED_EDGE('',*,*,#1970,.T.);
#3722 = ORIENTED_EDGE('',*,*,#3723,.T.);
#3723 = EDGE_CURVE('',#1971,#2700,#3724,.T.);
#3724 = LINE('',#3725,#3726);
#3725 = CARTESIAN_POINT('',(137.625,-95.04,-4.6E-02));
#3726 = VECTOR('',#3727,1.);
#3727 = DIRECTION('',(0.,0.,1.));
#3728 = ORIENTED_EDGE('',*,*,#2699,.F.);
#3729 = ORIENTED_EDGE('',*,*,#3723,.F.);
#3730 = CYLINDRICAL_SURFACE('',#3731,0.5);
#3731 = AXIS2_PLACEMENT_3D('',#3732,#3733,#3734);
#3732 = CARTESIAN_POINT('',(137.625,-94.54,-4.6E-02));
#3733 = DIRECTION('',(-0.,-0.,-1.));
#3734 = DIRECTION('',(-0.,-1.,0.));
#3735 = ADVANCED_FACE('',(#3736),#3747,.F.);
#3736 = FACE_BOUND('',#3737,.T.);
#3737 = EDGE_LOOP('',(#3738,#3739,#3745,#3746));
#3738 = ORIENTED_EDGE('',*,*,#1981,.T.);
#3739 = ORIENTED_EDGE('',*,*,#3740,.T.);
#3740 = EDGE_CURVE('',#1982,#2711,#3741,.T.);
#3741 = LINE('',#3742,#3743);
#3742 = CARTESIAN_POINT('',(137.625,-92.5,-4.6E-02));
#3743 = VECTOR('',#3744,1.);
#3744 = DIRECTION('',(0.,0.,1.));
#3745 = ORIENTED_EDGE('',*,*,#2710,.F.);
#3746 = ORIENTED_EDGE('',*,*,#3740,.F.);
#3747 = CYLINDRICAL_SURFACE('',#3748,0.5);
#3748 = AXIS2_PLACEMENT_3D('',#3749,#3750,#3751);
#3749 = CARTESIAN_POINT('',(137.625,-92.,-4.6E-02));
#3750 = DIRECTION('',(-0.,-0.,-1.));
#3751 = DIRECTION('',(-0.,-1.,0.));
#3752 = ADVANCED_FACE('',(#3753),#3764,.F.);
#3753 = FACE_BOUND('',#3754,.T.);
#3754 = EDGE_LOOP('',(#3755,#3756,#3762,#3763));
#3755 = ORIENTED_EDGE('',*,*,#1992,.T.);
#3756 = ORIENTED_EDGE('',*,*,#3757,.T.);
#3757 = EDGE_CURVE('',#1993,#2722,#3758,.T.);
#3758 = LINE('',#3759,#3760);
#3759 = CARTESIAN_POINT('',(137.625,-89.96,-4.6E-02));
#3760 = VECTOR('',#3761,1.);
#3761 = DIRECTION('',(0.,0.,1.));
#3762 = ORIENTED_EDGE('',*,*,#2721,.F.);
#3763 = ORIENTED_EDGE('',*,*,#3757,.F.);
#3764 = CYLINDRICAL_SURFACE('',#3765,0.5);
#3765 = AXIS2_PLACEMENT_3D('',#3766,#3767,#3768);
#3766 = CARTESIAN_POINT('',(137.625,-89.46,-4.6E-02));
#3767 = DIRECTION('',(-0.,-0.,-1.));
#3768 = DIRECTION('',(-0.,-1.,0.));
#3769 = ADVANCED_FACE('',(#3770),#3781,.F.);
#3770 = FACE_BOUND('',#3771,.T.);
#3771 = EDGE_LOOP('',(#3772,#3773,#3779,#3780));
#3772 = ORIENTED_EDGE('',*,*,#2003,.T.);
#3773 = ORIENTED_EDGE('',*,*,#3774,.T.);
#3774 = EDGE_CURVE('',#2004,#2733,#3775,.T.);
#3775 = LINE('',#3776,#3777);
#3776 = CARTESIAN_POINT('',(151.,-92.31,-4.6E-02));
#3777 = VECTOR('',#3778,1.);
#3778 = DIRECTION('',(0.,0.,1.));
#3779 = ORIENTED_EDGE('',*,*,#2732,.F.);
#3780 = ORIENTED_EDGE('',*,*,#3774,.F.);
#3781 = CYLINDRICAL_SURFACE('',#3782,0.5);
#3782 = AXIS2_PLACEMENT_3D('',#3783,#3784,#3785);
#3783 = CARTESIAN_POINT('',(151.,-91.81,-4.6E-02));
#3784 = DIRECTION('',(-0.,-0.,-1.));
#3785 = DIRECTION('',(-0.,-1.,0.));
#3786 = ADVANCED_FACE('',(#3787),#3798,.F.);
#3787 = FACE_BOUND('',#3788,.T.);
#3788 = EDGE_LOOP('',(#3789,#3790,#3796,#3797));
#3789 = ORIENTED_EDGE('',*,*,#2014,.T.);
#3790 = ORIENTED_EDGE('',*,*,#3791,.T.);
#3791 = EDGE_CURVE('',#2015,#2744,#3792,.T.);
#3792 = LINE('',#3793,#3794);
#3793 = CARTESIAN_POINT('',(137.625,-87.42,-4.6E-02));
#3794 = VECTOR('',#3795,1.);
#3795 = DIRECTION('',(0.,0.,1.));
#3796 = ORIENTED_EDGE('',*,*,#2743,.F.);
#3797 = ORIENTED_EDGE('',*,*,#3791,.F.);
#3798 = CYLINDRICAL_SURFACE('',#3799,0.5);
#3799 = AXIS2_PLACEMENT_3D('',#3800,#3801,#3802);
#3800 = CARTESIAN_POINT('',(137.625,-86.92,-4.6E-02));
#3801 = DIRECTION('',(-0.,-0.,-1.));
#3802 = DIRECTION('',(-0.,-1.,0.));
#3803 = ADVANCED_FACE('',(#3804),#3815,.F.);
#3804 = FACE_BOUND('',#3805,.T.);
#3805 = EDGE_LOOP('',(#3806,#3807,#3813,#3814));
#3806 = ORIENTED_EDGE('',*,*,#2025,.T.);
#3807 = ORIENTED_EDGE('',*,*,#3808,.T.);
#3808 = EDGE_CURVE('',#2026,#2755,#3809,.T.);
#3809 = LINE('',#3810,#3811);
#3810 = CARTESIAN_POINT('',(137.625,-84.88,-4.6E-02));
#3811 = VECTOR('',#3812,1.);
#3812 = DIRECTION('',(0.,0.,1.));
#3813 = ORIENTED_EDGE('',*,*,#2754,.F.);
#3814 = ORIENTED_EDGE('',*,*,#3808,.F.);
#3815 = CYLINDRICAL_SURFACE('',#3816,0.5);
#3816 = AXIS2_PLACEMENT_3D('',#3817,#3818,#3819);
#3817 = CARTESIAN_POINT('',(137.625,-84.38,-4.6E-02));
#3818 = DIRECTION('',(-0.,-0.,-1.));
#3819 = DIRECTION('',(-0.,-1.,0.));
#3820 = ADVANCED_FACE('',(#3821),#3832,.F.);
#3821 = FACE_BOUND('',#3822,.T.);
#3822 = EDGE_LOOP('',(#3823,#3824,#3830,#3831));
#3823 = ORIENTED_EDGE('',*,*,#2036,.T.);
#3824 = ORIENTED_EDGE('',*,*,#3825,.T.);
#3825 = EDGE_CURVE('',#2037,#2766,#3826,.T.);
#3826 = LINE('',#3827,#3828);
#3827 = CARTESIAN_POINT('',(151.,-89.77,-4.6E-02));
#3828 = VECTOR('',#3829,1.);
#3829 = DIRECTION('',(0.,0.,1.));
#3830 = ORIENTED_EDGE('',*,*,#2765,.F.);
#3831 = ORIENTED_EDGE('',*,*,#3825,.F.);
#3832 = CYLINDRICAL_SURFACE('',#3833,0.5);
#3833 = AXIS2_PLACEMENT_3D('',#3834,#3835,#3836);
#3834 = CARTESIAN_POINT('',(151.,-89.27,-4.6E-02));
#3835 = DIRECTION('',(-0.,-0.,-1.));
#3836 = DIRECTION('',(-0.,-1.,0.));
#3837 = ADVANCED_FACE('',(#3838),#3849,.F.);
#3838 = FACE_BOUND('',#3839,.T.);
#3839 = EDGE_LOOP('',(#3840,#3841,#3847,#3848));
#3840 = ORIENTED_EDGE('',*,*,#2047,.T.);
#3841 = ORIENTED_EDGE('',*,*,#3842,.T.);
#3842 = EDGE_CURVE('',#2048,#2777,#3843,.T.);
#3843 = LINE('',#3844,#3845);
#3844 = CARTESIAN_POINT('',(151.,-87.23,-4.6E-02));
#3845 = VECTOR('',#3846,1.);
#3846 = DIRECTION('',(0.,0.,1.));
#3847 = ORIENTED_EDGE('',*,*,#2776,.F.);
#3848 = ORIENTED_EDGE('',*,*,#3842,.F.);
#3849 = CYLINDRICAL_SURFACE('',#3850,0.5);
#3850 = AXIS2_PLACEMENT_3D('',#3851,#3852,#3853);
#3851 = CARTESIAN_POINT('',(151.,-86.73,-4.6E-02));
#3852 = DIRECTION('',(-0.,-0.,-1.));
#3853 = DIRECTION('',(-0.,-1.,0.));
#3854 = ADVANCED_FACE('',(#3855),#3866,.F.);
#3855 = FACE_BOUND('',#3856,.T.);
#3856 = EDGE_LOOP('',(#3857,#3858,#3864,#3865));
#3857 = ORIENTED_EDGE('',*,*,#2058,.T.);
#3858 = ORIENTED_EDGE('',*,*,#3859,.T.);
#3859 = EDGE_CURVE('',#2059,#2788,#3860,.T.);
#3860 = LINE('',#3861,#3862);
#3861 = CARTESIAN_POINT('',(151.,-84.69,-4.6E-02));
#3862 = VECTOR('',#3863,1.);
#3863 = DIRECTION('',(0.,0.,1.));
#3864 = ORIENTED_EDGE('',*,*,#2787,.F.);
#3865 = ORIENTED_EDGE('',*,*,#3859,.F.);
#3866 = CYLINDRICAL_SURFACE('',#3867,0.5);
#3867 = AXIS2_PLACEMENT_3D('',#3868,#3869,#3870);
#3868 = CARTESIAN_POINT('',(151.,-84.19,-4.6E-02));
#3869 = DIRECTION('',(-0.,-0.,-1.));
#3870 = DIRECTION('',(-0.,-1.,0.));
#3871 = ADVANCED_FACE('',(#3872),#3883,.F.);
#3872 = FACE_BOUND('',#3873,.T.);
#3873 = EDGE_LOOP('',(#3874,#3875,#3881,#3882));
#3874 = ORIENTED_EDGE('',*,*,#2069,.T.);
#3875 = ORIENTED_EDGE('',*,*,#3876,.T.);
#3876 = EDGE_CURVE('',#2070,#2799,#3877,.T.);
#3877 = LINE('',#3878,#3879);
#3878 = CARTESIAN_POINT('',(157.38,-105.93,-4.6E-02));
#3879 = VECTOR('',#3880,1.);
#3880 = DIRECTION('',(0.,0.,1.));
#3881 = ORIENTED_EDGE('',*,*,#2798,.F.);
#3882 = ORIENTED_EDGE('',*,*,#3876,.F.);
#3883 = CYLINDRICAL_SURFACE('',#3884,0.85);
#3884 = AXIS2_PLACEMENT_3D('',#3885,#3886,#3887);
#3885 = CARTESIAN_POINT('',(157.38,-105.08,-4.6E-02));
#3886 = DIRECTION('',(-0.,-0.,-1.));
#3887 = DIRECTION('',(-0.,-1.,0.));
#3888 = ADVANCED_FACE('',(#3889),#3900,.F.);
#3889 = FACE_BOUND('',#3890,.T.);
#3890 = EDGE_LOOP('',(#3891,#3892,#3898,#3899));
#3891 = ORIENTED_EDGE('',*,*,#2080,.T.);
#3892 = ORIENTED_EDGE('',*,*,#3893,.T.);
#3893 = EDGE_CURVE('',#2081,#2810,#3894,.T.);
#3894 = LINE('',#3895,#3896);
#3895 = CARTESIAN_POINT('',(162.46,-107.08,-4.6E-02));
#3896 = VECTOR('',#3897,1.);
#3897 = DIRECTION('',(0.,0.,1.));
#3898 = ORIENTED_EDGE('',*,*,#2809,.F.);
#3899 = ORIENTED_EDGE('',*,*,#3893,.F.);
#3900 = CYLINDRICAL_SURFACE('',#3901,2.);
#3901 = AXIS2_PLACEMENT_3D('',#3902,#3903,#3904);
#3902 = CARTESIAN_POINT('',(162.46,-105.08,-4.6E-02));
#3903 = DIRECTION('',(-0.,-0.,-1.));
#3904 = DIRECTION('',(-0.,-1.,0.));
#3905 = ADVANCED_FACE('',(#3906),#3917,.F.);
#3906 = FACE_BOUND('',#3907,.T.);
#3907 = EDGE_LOOP('',(#3908,#3909,#3915,#3916));
#3908 = ORIENTED_EDGE('',*,*,#2091,.T.);
#3909 = ORIENTED_EDGE('',*,*,#3910,.T.);
#3910 = EDGE_CURVE('',#2092,#2821,#3911,.T.);
#3911 = LINE('',#3912,#3913);
#3912 = CARTESIAN_POINT('',(158.65,-103.29,-4.6E-02));
#3913 = VECTOR('',#3914,1.);
#3914 = DIRECTION('',(0.,0.,1.));
#3915 = ORIENTED_EDGE('',*,*,#2820,.F.);
#3916 = ORIENTED_EDGE('',*,*,#3910,.F.);
#3917 = CYLINDRICAL_SURFACE('',#3918,0.75);
#3918 = AXIS2_PLACEMENT_3D('',#3919,#3920,#3921);
#3919 = CARTESIAN_POINT('',(158.65,-102.54,-4.6E-02));
#3920 = DIRECTION('',(-0.,-0.,-1.));
#3921 = DIRECTION('',(-0.,-1.,0.));
#3922 = ADVANCED_FACE('',(#3923),#3934,.F.);
#3923 = FACE_BOUND('',#3924,.T.);
#3924 = EDGE_LOOP('',(#3925,#3926,#3932,#3933));
#3925 = ORIENTED_EDGE('',*,*,#2102,.T.);
#3926 = ORIENTED_EDGE('',*,*,#3927,.T.);
#3927 = EDGE_CURVE('',#2103,#2832,#3928,.T.);
#3928 = LINE('',#3929,#3930);
#3929 = CARTESIAN_POINT('',(167.54,-105.93,-4.6E-02));
#3930 = VECTOR('',#3931,1.);
#3931 = DIRECTION('',(0.,0.,1.));
#3932 = ORIENTED_EDGE('',*,*,#2831,.F.);
#3933 = ORIENTED_EDGE('',*,*,#3927,.F.);
#3934 = CYLINDRICAL_SURFACE('',#3935,0.85);
#3935 = AXIS2_PLACEMENT_3D('',#3936,#3937,#3938);
#3936 = CARTESIAN_POINT('',(167.54,-105.08,-4.6E-02));
#3937 = DIRECTION('',(-0.,-0.,-1.));
#3938 = DIRECTION('',(-0.,-1.,0.));
#3939 = ADVANCED_FACE('',(#3940),#3951,.F.);
#3940 = FACE_BOUND('',#3941,.T.);
#3941 = EDGE_LOOP('',(#3942,#3943,#3949,#3950));
#3942 = ORIENTED_EDGE('',*,*,#2113,.T.);
#3943 = ORIENTED_EDGE('',*,*,#3944,.T.);
#3944 = EDGE_CURVE('',#2114,#2843,#3945,.T.);
#3945 = LINE('',#3946,#3947);
#3946 = CARTESIAN_POINT('',(165.,-100.75,-4.6E-02));
#3947 = VECTOR('',#3948,1.);
#3948 = DIRECTION('',(0.,0.,1.));
#3949 = ORIENTED_EDGE('',*,*,#2842,.F.);
#3950 = ORIENTED_EDGE('',*,*,#3944,.F.);
#3951 = CYLINDRICAL_SURFACE('',#3952,0.75);
#3952 = AXIS2_PLACEMENT_3D('',#3953,#3954,#3955);
#3953 = CARTESIAN_POINT('',(165.,-100.,-4.6E-02));
#3954 = DIRECTION('',(-0.,-0.,-1.));
#3955 = DIRECTION('',(-0.,-1.,0.));
#3956 = ADVANCED_FACE('',(#3957),#3968,.F.);
#3957 = FACE_BOUND('',#3958,.T.);
#3958 = EDGE_LOOP('',(#3959,#3960,#3966,#3967));
#3959 = ORIENTED_EDGE('',*,*,#2124,.T.);
#3960 = ORIENTED_EDGE('',*,*,#3961,.T.);
#3961 = EDGE_CURVE('',#2125,#2854,#3962,.T.);
#3962 = LINE('',#3963,#3964);
#3963 = CARTESIAN_POINT('',(175.5,-105.5,-4.6E-02));
#3964 = VECTOR('',#3965,1.);
#3965 = DIRECTION('',(0.,0.,1.));
#3966 = ORIENTED_EDGE('',*,*,#2853,.F.);
#3967 = ORIENTED_EDGE('',*,*,#3961,.F.);
#3968 = CYLINDRICAL_SURFACE('',#3969,0.5);
#3969 = AXIS2_PLACEMENT_3D('',#3970,#3971,#3972);
#3970 = CARTESIAN_POINT('',(175.5,-105.,-4.6E-02));
#3971 = DIRECTION('',(-0.,-0.,-1.));
#3972 = DIRECTION('',(-0.,-1.,0.));
#3973 = ADVANCED_FACE('',(#3974),#3985,.F.);
#3974 = FACE_BOUND('',#3975,.T.);
#3975 = EDGE_LOOP('',(#3976,#3977,#3983,#3984));
#3976 = ORIENTED_EDGE('',*,*,#2135,.T.);
#3977 = ORIENTED_EDGE('',*,*,#3978,.T.);
#3978 = EDGE_CURVE('',#2136,#2865,#3979,.T.);
#3979 = LINE('',#3980,#3981);
#3980 = CARTESIAN_POINT('',(175.5,-103.,-4.6E-02));
#3981 = VECTOR('',#3982,1.);
#3982 = DIRECTION('',(0.,0.,1.));
#3983 = ORIENTED_EDGE('',*,*,#2864,.F.);
#3984 = ORIENTED_EDGE('',*,*,#3978,.F.);
#3985 = CYLINDRICAL_SURFACE('',#3986,0.5);
#3986 = AXIS2_PLACEMENT_3D('',#3987,#3988,#3989);
#3987 = CARTESIAN_POINT('',(175.5,-102.5,-4.6E-02));
#3988 = DIRECTION('',(-0.,-0.,-1.));
#3989 = DIRECTION('',(-0.,-1.,0.));
#3990 = ADVANCED_FACE('',(#3991),#4002,.F.);
#3991 = FACE_BOUND('',#3992,.T.);
#3992 = EDGE_LOOP('',(#3993,#3994,#4000,#4001));
#3993 = ORIENTED_EDGE('',*,*,#2146,.T.);
#3994 = ORIENTED_EDGE('',*,*,#3995,.T.);
#3995 = EDGE_CURVE('',#2147,#2876,#3996,.T.);
#3996 = LINE('',#3997,#3998);
#3997 = CARTESIAN_POINT('',(190.,-103.,-4.6E-02));
#3998 = VECTOR('',#3999,1.);
#3999 = DIRECTION('',(0.,0.,1.));
#4000 = ORIENTED_EDGE('',*,*,#2875,.F.);
#4001 = ORIENTED_EDGE('',*,*,#3995,.F.);
#4002 = CYLINDRICAL_SURFACE('',#4003,0.5);
#4003 = AXIS2_PLACEMENT_3D('',#4004,#4005,#4006);
#4004 = CARTESIAN_POINT('',(190.,-102.5,-4.6E-02));
#4005 = DIRECTION('',(-0.,-0.,-1.));
#4006 = DIRECTION('',(-0.,-1.,0.));
#4007 = ADVANCED_FACE('',(#4008),#4024,.F.);
#4008 = FACE_BOUND('',#4009,.T.);
#4009 = EDGE_LOOP('',(#4010,#4011,#4017,#4018));
#4010 = ORIENTED_EDGE('',*,*,#2157,.T.);
#4011 = ORIENTED_EDGE('',*,*,#4012,.T.);
#4012 = EDGE_CURVE('',#2160,#2889,#4013,.T.);
#4013 = LINE('',#4014,#4015);
#4014 = CARTESIAN_POINT('',(183.65,-100.15,-4.6E-02));
#4015 = VECTOR('',#4016,1.);
#4016 = DIRECTION('',(0.,0.,1.));
#4017 = ORIENTED_EDGE('',*,*,#2886,.F.);
#4018 = ORIENTED_EDGE('',*,*,#4019,.F.);
#4019 = EDGE_CURVE('',#2158,#2887,#4020,.T.);
#4020 = LINE('',#4021,#4022);
#4021 = CARTESIAN_POINT('',(183.65,-98.65,-4.6E-02));
#4022 = VECTOR('',#4023,1.);
#4023 = DIRECTION('',(0.,0.,1.));
#4024 = CYLINDRICAL_SURFACE('',#4025,0.75);
#4025 = AXIS2_PLACEMENT_3D('',#4026,#4027,#4028);
#4026 = CARTESIAN_POINT('',(183.65,-99.4,-4.6E-02));
#4027 = DIRECTION('',(-0.,-0.,-1.));
#4028 = DIRECTION('',(-0.,-1.,0.));
#4029 = ADVANCED_FACE('',(#4030),#4041,.T.);
#4030 = FACE_BOUND('',#4031,.T.);
#4031 = EDGE_LOOP('',(#4032,#4033,#4034,#4035));
#4032 = ORIENTED_EDGE('',*,*,#2185,.T.);
#4033 = ORIENTED_EDGE('',*,*,#4019,.T.);
#4034 = ORIENTED_EDGE('',*,*,#2914,.F.);
#4035 = ORIENTED_EDGE('',*,*,#4036,.F.);
#4036 = EDGE_CURVE('',#2177,#2906,#4037,.T.);
#4037 = LINE('',#4038,#4039);
#4038 = CARTESIAN_POINT('',(182.35,-98.65,-4.6E-02));
#4039 = VECTOR('',#4040,1.);
#4040 = DIRECTION('',(0.,0.,1.));
#4041 = PLANE('',#4042);
#4042 = AXIS2_PLACEMENT_3D('',#4043,#4044,#4045);
#4043 = CARTESIAN_POINT('',(183.65,-98.65,-4.6E-02));
#4044 = DIRECTION('',(0.,-1.,0.));
#4045 = DIRECTION('',(-1.,0.,0.));
#4046 = ADVANCED_FACE('',(#4047),#4058,.F.);
#4047 = FACE_BOUND('',#4048,.T.);
#4048 = EDGE_LOOP('',(#4049,#4050,#4051,#4052));
#4049 = ORIENTED_EDGE('',*,*,#2176,.T.);
#4050 = ORIENTED_EDGE('',*,*,#4036,.T.);
#4051 = ORIENTED_EDGE('',*,*,#2905,.F.);
#4052 = ORIENTED_EDGE('',*,*,#4053,.F.);
#4053 = EDGE_CURVE('',#2169,#2898,#4054,.T.);
#4054 = LINE('',#4055,#4056);
#4055 = CARTESIAN_POINT('',(182.35,-100.15,-4.6E-02));
#4056 = VECTOR('',#4057,1.);
#4057 = DIRECTION('',(0.,0.,1.));
#4058 = CYLINDRICAL_SURFACE('',#4059,0.75);
#4059 = AXIS2_PLACEMENT_3D('',#4060,#4061,#4062);
#4060 = CARTESIAN_POINT('',(182.35,-99.4,-4.6E-02));
#4061 = DIRECTION('',(-0.,0.,-1.));
#4062 = DIRECTION('',(0.,1.,0.));
#4063 = ADVANCED_FACE('',(#4064),#4070,.T.);
#4064 = FACE_BOUND('',#4065,.T.);
#4065 = EDGE_LOOP('',(#4066,#4067,#4068,#4069));
#4066 = ORIENTED_EDGE('',*,*,#2168,.T.);
#4067 = ORIENTED_EDGE('',*,*,#4053,.T.);
#4068 = ORIENTED_EDGE('',*,*,#2897,.F.);
#4069 = ORIENTED_EDGE('',*,*,#4012,.F.);
#4070 = PLANE('',#4071);
#4071 = AXIS2_PLACEMENT_3D('',#4072,#4073,#4074);
#4072 = CARTESIAN_POINT('',(182.35,-100.15,-4.6E-02));
#4073 = DIRECTION('',(0.,1.,0.));
#4074 = DIRECTION('',(1.,0.,0.));
#4075 = ( GEOMETRIC_REPRESENTATION_CONTEXT(3) 
GLOBAL_UNCERTAINTY_ASSIGNED_CONTEXT((#4079)) 
GLOBAL_UNIT_ASSIGNED_CONTEXT((#4076,#4077,#4078)) REPRESENTATION_CONTEXT
('Context #1','3D Context with UNIT and UNCERTAINTY') );
#4076 = ( LENGTH_UNIT() NAMED_UNIT(*) SI_UNIT(.MILLI.,.METRE.) );
#4077 = ( NAMED_UNIT(*) PLANE_ANGLE_UNIT() SI_UNIT($,.RADIAN.) );
#4078 = ( NAMED_UNIT(*) SI_UNIT($,.STERADIAN.) SOLID_ANGLE_UNIT() );
#4079 = UNCERTAINTY_MEASURE_WITH_UNIT(LENGTH_MEASURE(1.E-07),#4076,
  'distance_accuracy_value','confusion accuracy');
#4080 = CONTEXT_DEPENDENT_SHAPE_REPRESENTATION(#4081,#4083);
#4081 = ( REPRESENTATION_RELATIONSHIP('','',#1359,#10) 
REPRESENTATION_RELATIONSHIP_WITH_TRANSFORMATION(#4082) 
SHAPE_REPRESENTATION_RELATIONSHIP() );
#4082 = ITEM_DEFINED_TRANSFORMATION('','',#11,#39);
#4083 = PRODUCT_DEFINITION_SHAPE('Placement','Placement of an item',
  #4084);
#4084 = NEXT_ASSEMBLY_USAGE_OCCURRENCE('10','=>[0:1:1:8]','',#5,#1354,$
  );
#4085 = PRODUCT_RELATED_PRODUCT_CATEGORY('part',$,(#1356));
#4086 = MECHANICAL_DESIGN_GEOMETRIC_PRESENTATION_REPRESENTATION('',(
    #4087),#4075);
#4087 = STYLED_ITEM('color',(#4088),#1360);
#4088 = PRESENTATION_STYLE_ASSIGNMENT((#4089));
#4089 = SURFACE_STYLE_USAGE(.BOTH.,#4090);
#4090 = SURFACE_SIDE_STYLE('',(#4091));
#4091 = SURFACE_STYLE_FILL_AREA(#4092);
#4092 = FILL_AREA_STYLE('',(#4093));
#4093 = FILL_AREA_STYLE_COLOUR('',#4094);
#4094 = COLOUR_RGB('',0.313304153717,0.484529207832,0.410020903123);
#4095 = MECHANICAL_DESIGN_GEOMETRIC_PRESENTATION_REPRESENTATION('',(
    #4096,#4104,#4111,#4118,#4125,#4132,#4139,#4146,#4154,#4161,#4168,
    #4176,#4183,#4190,#4197,#4204),#430);
#4096 = STYLED_ITEM('color',(#4097),#82);
#4097 = PRESENTATION_STYLE_ASSIGNMENT((#4098));
#4098 = SURFACE_STYLE_USAGE(.BOTH.,#4099);
#4099 = SURFACE_SIDE_STYLE('',(#4100));
#4100 = SURFACE_STYLE_FILL_AREA(#4101);
#4101 = FILL_AREA_STYLE('',(#4102));
#4102 = FILL_AREA_STYLE_COLOUR('',#4103);
#4103 = COLOUR_RGB('',0.823999987314,0.819999987296,0.781000009244);
#4104 = STYLED_ITEM('color',(#4105),#115);
#4105 = PRESENTATION_STYLE_ASSIGNMENT((#4106));
#4106 = SURFACE_STYLE_USAGE(.BOTH.,#4107);
#4107 = SURFACE_SIDE_STYLE('',(#4108));
#4108 = SURFACE_STYLE_FILL_AREA(#4109);
#4109 = FILL_AREA_STYLE('',(#4110));
#4110 = FILL_AREA_STYLE_COLOUR('',#4103);
#4111 = STYLED_ITEM('color',(#4112),#141);
#4112 = PRESENTATION_STYLE_ASSIGNMENT((#4113));
#4113 = SURFACE_STYLE_USAGE(.BOTH.,#4114);
#4114 = SURFACE_SIDE_STYLE('',(#4115));
#4115 = SURFACE_STYLE_FILL_AREA(#4116);
#4116 = FILL_AREA_STYLE('',(#4117));
#4117 = FILL_AREA_STYLE_COLOUR('',#4103);
#4118 = STYLED_ITEM('color',(#4119),#166);
#4119 = PRESENTATION_STYLE_ASSIGNMENT((#4120));
#4120 = SURFACE_STYLE_USAGE(.BOTH.,#4121);
#4121 = SURFACE_SIDE_STYLE('',(#4122));
#4122 = SURFACE_STYLE_FILL_AREA(#4123);
#4123 = FILL_AREA_STYLE('',(#4124));
#4124 = FILL_AREA_STYLE_COLOUR('',#4103);
#4125 = STYLED_ITEM('color',(#4126),#192);
#4126 = PRESENTATION_STYLE_ASSIGNMENT((#4127));
#4127 = SURFACE_STYLE_USAGE(.BOTH.,#4128);
#4128 = SURFACE_SIDE_STYLE('',(#4129));
#4129 = SURFACE_STYLE_FILL_AREA(#4130);
#4130 = FILL_AREA_STYLE('',(#4131));
#4131 = FILL_AREA_STYLE_COLOUR('',#4103);
#4132 = STYLED_ITEM('color',(#4133),#217);
#4133 = PRESENTATION_STYLE_ASSIGNMENT((#4134));
#4134 = SURFACE_STYLE_USAGE(.BOTH.,#4135);
#4135 = SURFACE_SIDE_STYLE('',(#4136));
#4136 = SURFACE_STYLE_FILL_AREA(#4137);
#4137 = FILL_AREA_STYLE('',(#4138));
#4138 = FILL_AREA_STYLE_COLOUR('',#4103);
#4139 = STYLED_ITEM('color',(#4140),#226);
#4140 = PRESENTATION_STYLE_ASSIGNMENT((#4141));
#4141 = SURFACE_STYLE_USAGE(.BOTH.,#4142);
#4142 = SURFACE_SIDE_STYLE('',(#4143));
#4143 = SURFACE_STYLE_FILL_AREA(#4144);
#4144 = FILL_AREA_STYLE('',(#4145));
#4145 = FILL_AREA_STYLE_COLOUR('',#4103);
#4146 = STYLED_ITEM('color',(#4147),#237);
#4147 = PRESENTATION_STYLE_ASSIGNMENT((#4148));
#4148 = SURFACE_STYLE_USAGE(.BOTH.,#4149);
#4149 = SURFACE_SIDE_STYLE('',(#4150));
#4150 = SURFACE_STYLE_FILL_AREA(#4151);
#4151 = FILL_AREA_STYLE('',(#4152));
#4152 = FILL_AREA_STYLE_COLOUR('',#4153);
#4153 = COLOUR_RGB('',0.699999984889,9.999999991362E-02,
  5.000000142576E-02);
#4154 = STYLED_ITEM('color',(#4155),#270);
#4155 = PRESENTATION_STYLE_ASSIGNMENT((#4156));
#4156 = SURFACE_STYLE_USAGE(.BOTH.,#4157);
#4157 = SURFACE_SIDE_STYLE('',(#4158));
#4158 = SURFACE_STYLE_FILL_AREA(#4159);
#4159 = FILL_AREA_STYLE('',(#4160));
#4160 = FILL_AREA_STYLE_COLOUR('',#4153);
#4161 = STYLED_ITEM('color',(#4162),#290);
#4162 = PRESENTATION_STYLE_ASSIGNMENT((#4163));
#4163 = SURFACE_STYLE_USAGE(.BOTH.,#4164);
#4164 = SURFACE_SIDE_STYLE('',(#4165));
#4165 = SURFACE_STYLE_FILL_AREA(#4166);
#4166 = FILL_AREA_STYLE('',(#4167));
#4167 = FILL_AREA_STYLE_COLOUR('',#4153);
#4168 = STYLED_ITEM('color',(#4169),#310);
#4169 = PRESENTATION_STYLE_ASSIGNMENT((#4170));
#4170 = SURFACE_STYLE_USAGE(.BOTH.,#4171);
#4171 = SURFACE_SIDE_STYLE('',(#4172));
#4172 = SURFACE_STYLE_FILL_AREA(#4173);
#4173 = FILL_AREA_STYLE('',(#4174));
#4174 = FILL_AREA_STYLE_COLOUR('',#4175);
#4175 = COLOUR_RGB('',0.,0.631244006163,0.748016017657);
#4176 = STYLED_ITEM('color',(#4177),#335);
#4177 = PRESENTATION_STYLE_ASSIGNMENT((#4178));
#4178 = SURFACE_STYLE_USAGE(.BOTH.,#4179);
#4179 = SURFACE_SIDE_STYLE('',(#4180));
#4180 = SURFACE_STYLE_FILL_AREA(#4181);
#4181 = FILL_AREA_STYLE('',(#4182));
#4182 = FILL_AREA_STYLE_COLOUR('',#4175);
#4183 = STYLED_ITEM('color',(#4184),#360);
#4184 = PRESENTATION_STYLE_ASSIGNMENT((#4185));
#4185 = SURFACE_STYLE_USAGE(.BOTH.,#4186);
#4186 = SURFACE_SIDE_STYLE('',(#4187));
#4187 = SURFACE_STYLE_FILL_AREA(#4188);
#4188 = FILL_AREA_STYLE('',(#4189));
#4189 = FILL_AREA_STYLE_COLOUR('',#4175);
#4190 = STYLED_ITEM('color',(#4191),#386);
#4191 = PRESENTATION_STYLE_ASSIGNMENT((#4192));
#4192 = SURFACE_STYLE_USAGE(.BOTH.,#4193);
#4193 = SURFACE_SIDE_STYLE('',(#4194));
#4194 = SURFACE_STYLE_FILL_AREA(#4195);
#4195 = FILL_AREA_STYLE('',(#4196));
#4196 = FILL_AREA_STYLE_COLOUR('',#4175);
#4197 = STYLED_ITEM('color',(#4198),#412);
#4198 = PRESENTATION_STYLE_ASSIGNMENT((#4199));
#4199 = SURFACE_STYLE_USAGE(.BOTH.,#4200);
#4200 = SURFACE_SIDE_STYLE('',(#4201));
#4201 = SURFACE_STYLE_FILL_AREA(#4202);
#4202 = FILL_AREA_STYLE('',(#4203));
#4203 = FILL_AREA_STYLE_COLOUR('',#4175);
#4204 = STYLED_ITEM('color',(#4205),#421);
#4205 = PRESENTATION_STYLE_ASSIGNMENT((#4206));
#4206 = SURFACE_STYLE_USAGE(.BOTH.,#4207);
#4207 = SURFACE_SIDE_STYLE('',(#4208));
#4208 = SURFACE_STYLE_FILL_AREA(#4209);
#4209 = FILL_AREA_STYLE('',(#4210));
#4210 = FILL_AREA_STYLE_COLOUR('',#4175);
#4211 = MECHANICAL_DESIGN_GEOMETRIC_PRESENTATION_REPRESENTATION('',(
    #4212,#4220,#4227,#4234,#4241,#4248,#4255,#4262,#4269,#4276,#4283,
    #4290,#4297,#4304,#4311,#4318,#4325),#1341);
#4212 = STYLED_ITEM('color',(#4213),#956);
#4213 = PRESENTATION_STYLE_ASSIGNMENT((#4214));
#4214 = SURFACE_STYLE_USAGE(.BOTH.,#4215);
#4215 = SURFACE_SIDE_STYLE('',(#4216));
#4216 = SURFACE_STYLE_FILL_AREA(#4217);
#4217 = FILL_AREA_STYLE('',(#4218));
#4218 = FILL_AREA_STYLE_COLOUR('',#4219);
#4219 = COLOUR_RGB('',0.883000012551,0.711000022565,0.492000011028);
#4220 = STYLED_ITEM('color',(#4221),#989);
#4221 = PRESENTATION_STYLE_ASSIGNMENT((#4222));
#4222 = SURFACE_STYLE_USAGE(.BOTH.,#4223);
#4223 = SURFACE_SIDE_STYLE('',(#4224));
#4224 = SURFACE_STYLE_FILL_AREA(#4225);
#4225 = FILL_AREA_STYLE('',(#4226));
#4226 = FILL_AREA_STYLE_COLOUR('',#4219);
#4227 = STYLED_ITEM('color',(#4228),#1015);
#4228 = PRESENTATION_STYLE_ASSIGNMENT((#4229));
#4229 = SURFACE_STYLE_USAGE(.BOTH.,#4230);
#4230 = SURFACE_SIDE_STYLE('',(#4231));
#4231 = SURFACE_STYLE_FILL_AREA(#4232);
#4232 = FILL_AREA_STYLE('',(#4233));
#4233 = FILL_AREA_STYLE_COLOUR('',#4219);
#4234 = STYLED_ITEM('color',(#4235),#1035);
#4235 = PRESENTATION_STYLE_ASSIGNMENT((#4236));
#4236 = SURFACE_STYLE_USAGE(.BOTH.,#4237);
#4237 = SURFACE_SIDE_STYLE('',(#4238));
#4238 = SURFACE_STYLE_FILL_AREA(#4239);
#4239 = FILL_AREA_STYLE('',(#4240));
#4240 = FILL_AREA_STYLE_COLOUR('',#4219);
#4241 = STYLED_ITEM('color',(#4242),#1055);
#4242 = PRESENTATION_STYLE_ASSIGNMENT((#4243));
#4243 = SURFACE_STYLE_USAGE(.BOTH.,#4244);
#4244 = SURFACE_SIDE_STYLE('',(#4245));
#4245 = SURFACE_STYLE_FILL_AREA(#4246);
#4246 = FILL_AREA_STYLE('',(#4247));
#4247 = FILL_AREA_STYLE_COLOUR('',#4219);
#4248 = STYLED_ITEM('color',(#4249),#1080);
#4249 = PRESENTATION_STYLE_ASSIGNMENT((#4250));
#4250 = SURFACE_STYLE_USAGE(.BOTH.,#4251);
#4251 = SURFACE_SIDE_STYLE('',(#4252));
#4252 = SURFACE_STYLE_FILL_AREA(#4253);
#4253 = FILL_AREA_STYLE('',(#4254));
#4254 = FILL_AREA_STYLE_COLOUR('',#4103);
#4255 = STYLED_ITEM('color',(#4256),#1105);
#4256 = PRESENTATION_STYLE_ASSIGNMENT((#4257));
#4257 = SURFACE_STYLE_USAGE(.BOTH.,#4258);
#4258 = SURFACE_SIDE_STYLE('',(#4259));
#4259 = SURFACE_STYLE_FILL_AREA(#4260);
#4260 = FILL_AREA_STYLE('',(#4261));
#4261 = FILL_AREA_STYLE_COLOUR('',#4219);
#4262 = STYLED_ITEM('color',(#4263),#1125);
#4263 = PRESENTATION_STYLE_ASSIGNMENT((#4264));
#4264 = SURFACE_STYLE_USAGE(.BOTH.,#4265);
#4265 = SURFACE_SIDE_STYLE('',(#4266));
#4266 = SURFACE_STYLE_FILL_AREA(#4267);
#4267 = FILL_AREA_STYLE('',(#4268));
#4268 = FILL_AREA_STYLE_COLOUR('',#4103);
#4269 = STYLED_ITEM('color',(#4270),#1134);
#4270 = PRESENTATION_STYLE_ASSIGNMENT((#4271));
#4271 = SURFACE_STYLE_USAGE(.BOTH.,#4272);
#4272 = SURFACE_SIDE_STYLE('',(#4273));
#4273 = SURFACE_STYLE_FILL_AREA(#4274);
#4274 = FILL_AREA_STYLE('',(#4275));
#4275 = FILL_AREA_STYLE_COLOUR('',#4219);
#4276 = STYLED_ITEM('color',(#4277),#1159);
#4277 = PRESENTATION_STYLE_ASSIGNMENT((#4278));
#4278 = SURFACE_STYLE_USAGE(.BOTH.,#4279);
#4279 = SURFACE_SIDE_STYLE('',(#4280));
#4280 = SURFACE_STYLE_FILL_AREA(#4281);
#4281 = FILL_AREA_STYLE('',(#4282));
#4282 = FILL_AREA_STYLE_COLOUR('',#4219);
#4283 = STYLED_ITEM('color',(#4284),#1185);
#4284 = PRESENTATION_STYLE_ASSIGNMENT((#4285));
#4285 = SURFACE_STYLE_USAGE(.BOTH.,#4286);
#4286 = SURFACE_SIDE_STYLE('',(#4287));
#4287 = SURFACE_STYLE_FILL_AREA(#4288);
#4288 = FILL_AREA_STYLE('',(#4289));
#4289 = FILL_AREA_STYLE_COLOUR('',#4219);
#4290 = STYLED_ITEM('color',(#4291),#1205);
#4291 = PRESENTATION_STYLE_ASSIGNMENT((#4292));
#4292 = SURFACE_STYLE_USAGE(.BOTH.,#4293);
#4293 = SURFACE_SIDE_STYLE('',(#4294));
#4294 = SURFACE_STYLE_FILL_AREA(#4295);
#4295 = FILL_AREA_STYLE('',(#4296));
#4296 = FILL_AREA_STYLE_COLOUR('',#4103);
#4297 = STYLED_ITEM('color',(#4298),#1230);
#4298 = PRESENTATION_STYLE_ASSIGNMENT((#4299));
#4299 = SURFACE_STYLE_USAGE(.BOTH.,#4300);
#4300 = SURFACE_SIDE_STYLE('',(#4301));
#4301 = SURFACE_STYLE_FILL_AREA(#4302);
#4302 = FILL_AREA_STYLE('',(#4303));
#4303 = FILL_AREA_STYLE_COLOUR('',#4103);
#4304 = STYLED_ITEM('color',(#4305),#1256);
#4305 = PRESENTATION_STYLE_ASSIGNMENT((#4306));
#4306 = SURFACE_STYLE_USAGE(.BOTH.,#4307);
#4307 = SURFACE_SIDE_STYLE('',(#4308));
#4308 = SURFACE_STYLE_FILL_AREA(#4309);
#4309 = FILL_AREA_STYLE('',(#4310));
#4310 = FILL_AREA_STYLE_COLOUR('',#4103);
#4311 = STYLED_ITEM('color',(#4312),#1281);
#4312 = PRESENTATION_STYLE_ASSIGNMENT((#4313));
#4313 = SURFACE_STYLE_USAGE(.BOTH.,#4314);
#4314 = SURFACE_SIDE_STYLE('',(#4315));
#4315 = SURFACE_STYLE_FILL_AREA(#4316);
#4316 = FILL_AREA_STYLE('',(#4317));
#4317 = FILL_AREA_STYLE_COLOUR('',#4103);
#4318 = STYLED_ITEM('color',(#4319),#1307);
#4319 = PRESENTATION_STYLE_ASSIGNMENT((#4320));
#4320 = SURFACE_STYLE_USAGE(.BOTH.,#4321);
#4321 = SURFACE_SIDE_STYLE('',(#4322));
#4322 = SURFACE_STYLE_FILL_AREA(#4323);
#4323 = FILL_AREA_STYLE('',(#4324));
#4324 = FILL_AREA_STYLE_COLOUR('',#4103);
#4325 = STYLED_ITEM('color',(#4326),#1332);
#4326 = PRESENTATION_STYLE_ASSIGNMENT((#4327));
#4327 = SURFACE_STYLE_USAGE(.BOTH.,#4328);
#4328 = SURFACE_SIDE_STYLE('',(#4329));
#4329 = SURFACE_STYLE_FILL_AREA(#4330);
#4330 = FILL_AREA_STYLE('',(#4331));
#4331 = FILL_AREA_STYLE_COLOUR('',#4103);
#4332 = MECHANICAL_DESIGN_GEOMETRIC_PRESENTATION_REPRESENTATION('',(
    #4333,#4340,#4347,#4354,#4361,#4368,#4375,#4382,#4389,#4396,#4403,
    #4410,#4417,#4424,#4431,#4438),#912);
#4333 = STYLED_ITEM('color',(#4334),#489);
#4334 = PRESENTATION_STYLE_ASSIGNMENT((#4335));
#4335 = SURFACE_STYLE_USAGE(.BOTH.,#4336);
#4336 = SURFACE_SIDE_STYLE('',(#4337));
#4337 = SURFACE_STYLE_FILL_AREA(#4338);
#4338 = FILL_AREA_STYLE('',(#4339));
#4339 = FILL_AREA_STYLE_COLOUR('',#4153);
#4340 = STYLED_ITEM('color',(#4341),#516);
#4341 = PRESENTATION_STYLE_ASSIGNMENT((#4342));
#4342 = SURFACE_STYLE_USAGE(.BOTH.,#4343);
#4343 = SURFACE_SIDE_STYLE('',(#4344));
#4344 = SURFACE_STYLE_FILL_AREA(#4345);
#4345 = FILL_AREA_STYLE('',(#4346));
#4346 = FILL_AREA_STYLE_COLOUR('',#4153);
#4347 = STYLED_ITEM('color',(#4348),#541);
#4348 = PRESENTATION_STYLE_ASSIGNMENT((#4349));
#4349 = SURFACE_STYLE_USAGE(.BOTH.,#4350);
#4350 = SURFACE_SIDE_STYLE('',(#4351));
#4351 = SURFACE_STYLE_FILL_AREA(#4352);
#4352 = FILL_AREA_STYLE('',(#4353));
#4353 = FILL_AREA_STYLE_COLOUR('',#4153);
#4354 = STYLED_ITEM('color',(#4355),#569);
#4355 = PRESENTATION_STYLE_ASSIGNMENT((#4356));
#4356 = SURFACE_STYLE_USAGE(.BOTH.,#4357);
#4357 = SURFACE_SIDE_STYLE('',(#4358));
#4358 = SURFACE_STYLE_FILL_AREA(#4359);
#4359 = FILL_AREA_STYLE('',(#4360));
#4360 = FILL_AREA_STYLE_COLOUR('',#4153);
#4361 = STYLED_ITEM('color',(#4362),#601);
#4362 = PRESENTATION_STYLE_ASSIGNMENT((#4363));
#4363 = SURFACE_STYLE_USAGE(.BOTH.,#4364);
#4364 = SURFACE_SIDE_STYLE('',(#4365));
#4365 = SURFACE_STYLE_FILL_AREA(#4366);
#4366 = FILL_AREA_STYLE('',(#4367));
#4367 = FILL_AREA_STYLE_COLOUR('',#4153);
#4368 = STYLED_ITEM('color',(#4369),#618);
#4369 = PRESENTATION_STYLE_ASSIGNMENT((#4370));
#4370 = SURFACE_STYLE_USAGE(.BOTH.,#4371);
#4371 = SURFACE_SIDE_STYLE('',(#4372));
#4372 = SURFACE_STYLE_FILL_AREA(#4373);
#4373 = FILL_AREA_STYLE('',(#4374));
#4374 = FILL_AREA_STYLE_COLOUR('',#4153);
#4375 = STYLED_ITEM('color',(#4376),#696);
#4376 = PRESENTATION_STYLE_ASSIGNMENT((#4377));
#4377 = SURFACE_STYLE_USAGE(.BOTH.,#4378);
#4378 = SURFACE_SIDE_STYLE('',(#4379));
#4379 = SURFACE_STYLE_FILL_AREA(#4380);
#4380 = FILL_AREA_STYLE('',(#4381));
#4381 = FILL_AREA_STYLE_COLOUR('',#4103);
#4382 = STYLED_ITEM('color',(#4383),#727);
#4383 = PRESENTATION_STYLE_ASSIGNMENT((#4384));
#4384 = SURFACE_STYLE_USAGE(.BOTH.,#4385);
#4385 = SURFACE_SIDE_STYLE('',(#4386));
#4386 = SURFACE_STYLE_FILL_AREA(#4387);
#4387 = FILL_AREA_STYLE('',(#4388));
#4388 = FILL_AREA_STYLE_COLOUR('',#4103);
#4389 = STYLED_ITEM('color',(#4390),#751);
#4390 = PRESENTATION_STYLE_ASSIGNMENT((#4391));
#4391 = SURFACE_STYLE_USAGE(.BOTH.,#4392);
#4392 = SURFACE_SIDE_STYLE('',(#4393));
#4393 = SURFACE_STYLE_FILL_AREA(#4394);
#4394 = FILL_AREA_STYLE('',(#4395));
#4395 = FILL_AREA_STYLE_COLOUR('',#4103);
#4396 = STYLED_ITEM('color',(#4397),#775);
#4397 = PRESENTATION_STYLE_ASSIGNMENT((#4398));
#4398 = SURFACE_STYLE_USAGE(.BOTH.,#4399);
#4399 = SURFACE_SIDE_STYLE('',(#4400));
#4400 = SURFACE_STYLE_FILL_AREA(#4401);
#4401 = FILL_AREA_STYLE('',(#4402));
#4402 = FILL_AREA_STYLE_COLOUR('',#4103);
#4403 = STYLED_ITEM('color',(#4404),#792);
#4404 = PRESENTATION_STYLE_ASSIGNMENT((#4405));
#4405 = SURFACE_STYLE_USAGE(.BOTH.,#4406);
#4406 = SURFACE_SIDE_STYLE('',(#4407));
#4407 = SURFACE_STYLE_FILL_AREA(#4408);
#4408 = FILL_AREA_STYLE('',(#4409));
#4409 = FILL_AREA_STYLE_COLOUR('',#4103);
#4410 = STYLED_ITEM('color',(#4411),#823);
#4411 = PRESENTATION_STYLE_ASSIGNMENT((#4412));
#4412 = SURFACE_STYLE_USAGE(.BOTH.,#4413);
#4413 = SURFACE_SIDE_STYLE('',(#4414));
#4414 = SURFACE_STYLE_FILL_AREA(#4415);
#4415 = FILL_AREA_STYLE('',(#4416));
#4416 = FILL_AREA_STYLE_COLOUR('',#4103);
#4417 = STYLED_ITEM('color',(#4418),#847);
#4418 = PRESENTATION_STYLE_ASSIGNMENT((#4419));
#4419 = SURFACE_STYLE_USAGE(.BOTH.,#4420);
#4420 = SURFACE_SIDE_STYLE('',(#4421));
#4421 = SURFACE_STYLE_FILL_AREA(#4422);
#4422 = FILL_AREA_STYLE('',(#4423));
#4423 = FILL_AREA_STYLE_COLOUR('',#4103);
#4424 = STYLED_ITEM('color',(#4425),#871);
#4425 = PRESENTATION_STYLE_ASSIGNMENT((#4426));
#4426 = SURFACE_STYLE_USAGE(.BOTH.,#4427);
#4427 = SURFACE_SIDE_STYLE('',(#4428));
#4428 = SURFACE_STYLE_FILL_AREA(#4429);
#4429 = FILL_AREA_STYLE('',(#4430));
#4430 = FILL_AREA_STYLE_COLOUR('',#4103);
#4431 = STYLED_ITEM('color',(#4432),#888);
#4432 = PRESENTATION_STYLE_ASSIGNMENT((#4433));
#4433 = SURFACE_STYLE_USAGE(.BOTH.,#4434);
#4434 = SURFACE_SIDE_STYLE('',(#4435));
#4435 = SURFACE_STYLE_FILL_AREA(#4436);
#4436 = FILL_AREA_STYLE('',(#4437));
#4437 = FILL_AREA_STYLE_COLOUR('',#4103);
#4438 = STYLED_ITEM('color',(#4439),#900);
#4439 = PRESENTATION_STYLE_ASSIGNMENT((#4440));
#4440 = SURFACE_STYLE_USAGE(.BOTH.,#4441);
#4441 = SURFACE_SIDE_STYLE('',(#4442));
#4442 = SURFACE_STYLE_FILL_AREA(#4443);
#4443 = FILL_AREA_STYLE('',(#4444));
#4444 = FILL_AREA_STYLE_COLOUR('',#4103);
ENDSEC;
END-ISO-10303-21;
